product_id,product_name,Sum of product_retail_price,Sum of product_sku,Sum of product_weight,recyclable,weight segment,Sum of product_cost,product_brand,Product Segmentation,low_fat,Health Category
1,Washington Berry Juice,2.85,90748583674,8.39,false,Light weight(<=9.66),0.94,Washington,2. HIgh (2.79$ - 4.84$),false,Not Healthy
2,Washington Mango Drink,0.74,96516502499,7.42,false,Light weight(<=9.66),0.26,Washington,Cheap (<= 1.42$),true,Healthy
3,Washington Strawberry Drink,0.83,58427771925,13.1,true,Meduim weight(<=17.73),0.4,Washington,Cheap (<= 1.42$),true,Healthy
4,Washington Cream Soda,3.64,64412155747,10.6,true,Meduim weight(<=17.73),1.64,Washington,2. HIgh (2.79$ - 4.84$),false,Not Healthy
5,Washington Diet Soda,2.19,85561191439,6.66,true,Light weight(<=9.66),0.77,Washington,3. Meduim (2.13$ - 2.79$),false,Not Healthy
6,Washington Cola,1.15,29804642796,15.8,false,Meduim weight(<=17.73),0.37,Washington,Cheap (<= 1.42$),false,Not Healthy
7,Washington Diet Cola,2.61,20191444754,18,true,Heavy weight,0.91,Washington,3. Meduim (2.13$ - 2.79$),false,Not Healthy
8,Washington Orange Juice,2.59,89770532250,8.97,true,Light weight(<=9.66),0.8,Washington,3. Meduim (2.13$ - 2.79$),false,Not Healthy
9,Washington Cranberry Juice,2.42,49395100474,7.14,false,Light weight(<=9.66),0.77,Washington,3. Meduim (2.13$ - 2.79$),false,Not Healthy
10,Washington Apple Juice,1.42,22114084362,8.13,true,Light weight(<=9.66),0.5,Washington,Cheap (<= 1.42$),false,Not Healthy
11,Washington Apple Drink,3.51,17074288725,20,false,Heavy weight,1.65,Washington,2. HIgh (2.79$ - 4.84$),true,Healthy
12,Jeffers Oatmeal,1.54,49031038880,8.9,true,Light weight(<=9.66),0.69,Jeffers,Standard (1.42$ - 2.13$),true,Healthy
13,Jeffers Corn Puffs,2.65,13229009509,10.4,false,Meduim weight(<=17.73),1.27,Jeffers,3. Meduim (2.13$ - 2.79$),false,Not Healthy
14,Jeffers Wheat Puffs,1.93,92942813038,21.6,true,Heavy weight,0.71,Jeffers,Standard (1.42$ - 2.13$),true,Healthy
15,Jeffers Grits,2.29,26378549933,21.3,false,Heavy weight,1.08,Jeffers,3. Meduim (2.13$ - 2.79$),true,Healthy
16,Blue Label Canned Beets,3.83,62908702492,21.2,false,Heavy weight,1.72,Blue Label,2. HIgh (2.79$ - 4.84$),true,Healthy
17,Blue Label Creamed Corn,2.99,79484335780,6.91,true,Light weight(<=9.66),1.5,Blue Label,2. HIgh (2.79$ - 4.84$),true,Healthy
18,Blue Label Canned String Beans,2.67,85252254605,12.6,true,Meduim weight(<=17.73),1.17,Blue Label,3. Meduim (2.13$ - 2.79$),false,Not Healthy
19,Blue Label Chicken Soup,3.19,47163524031,15.2,true,Meduim weight(<=17.73),1.47,Blue Label,2. HIgh (2.79$ - 4.84$),true,Healthy
20,Blue Label Canned Yams,2.78,22169209122,21.3,false,Heavy weight,0.92,Blue Label,3. Meduim (2.13$ - 2.79$),true,Healthy
21,Blue Label Vegetable Soup,2.33,43318244814,19.7,false,Heavy weight,0.89,Blue Label,3. Meduim (2.13$ - 2.79$),true,Healthy
22,Blue Label Canned Tomatos,2.29,77561696171,15,false,Meduim weight(<=17.73),0.98,Blue Label,3. Meduim (2.13$ - 2.79$),false,Not Healthy
23,Blue Label Noodle Soup,1.75,32829326987,10.6,true,Meduim weight(<=17.73),0.56,Blue Label,Standard (1.42$ - 2.13$),false,Not Healthy
24,Blue Label Regular Ramen Soup,1.73,12408414483,12.8,false,Meduim weight(<=17.73),0.52,Blue Label,Standard (1.42$ - 2.13$),true,Healthy
25,Blue Label Chicken Noodle Soup,1.55,62032982707,9.48,true,Light weight(<=9.66),0.7,Blue Label,Standard (1.42$ - 2.13$),true,Healthy
26,Blue Label Turkey Noodle Soup,0.88,34751966595,16.5,true,Meduim weight(<=17.73),0.37,Blue Label,Cheap (<= 1.42$),true,Healthy
27,Blue Label Beef Soup,2.65,29712170958,11.2,false,Meduim weight(<=17.73),1.11,Blue Label,3. Meduim (2.13$ - 2.79$),true,Healthy
28,Blue Label Canned Peas,3.91,61668921113,21.9,true,Heavy weight,1.64,Blue Label,2. HIgh (2.79$ - 4.84$),false,Not Healthy
29,Blue Label Chicken Ramen Soup,1.78,25866891741,17.1,false,Meduim weight(<=17.73),0.62,Blue Label,Standard (1.42$ - 2.13$),false,Not Healthy
30,Blue Label Canned Tuna in Water,1.41,93159278035,9.71,true,Meduim weight(<=17.73),0.45,Blue Label,Cheap (<= 1.42$),false,Not Healthy
31,Blue Label Canned Tuna in Oil,1.55,50497145056,17.2,true,Meduim weight(<=17.73),0.74,Blue Label,Standard (1.42$ - 2.13$),false,Not Healthy
32,Blue Label Large Canned Shrimp,2.86,87027297616,8.86,false,Light weight(<=9.66),0.89,Blue Label,2. HIgh (2.79$ - 4.84$),false,Not Healthy
33,Blue Label Fancy Canned Anchovies,1.36,44581629633,8.27,false,Light weight(<=9.66),0.49,Blue Label,Cheap (<= 1.42$),true,Healthy
34,Blue Label Fancy Canned Clams,1.69,50349548459,16.7,true,Meduim weight(<=17.73),0.78,Blue Label,Standard (1.42$ - 2.13$),true,Healthy
35,Blue Label Fancy Canned Oysters,2.21,36162948012,18.2,false,Heavy weight,1.02,Blue Label,3. Meduim (2.13$ - 2.79$),true,Healthy
36,Blue Label Fancy Canned Sardines,1.8,11168633103,14,true,Meduim weight(<=17.73),0.88,Blue Label,Standard (1.42$ - 2.13$),false,Not Healthy
37,Blue Label Rice Soup,1.59,32317668795,21,true,Heavy weight,0.48,Blue Label,Standard (1.42$ - 2.13$),true,Healthy
38,Green Ribbon Canned Mixed Fruit,1.31,42658990025,14,true,Meduim weight(<=17.73),0.62,Green Ribbon,Cheap (<= 1.42$),true,Healthy
39,Green Ribbon Canned Peaches,3.11,33045791983,17.5,true,Meduim weight(<=17.73),1.09,Green Ribbon,2. HIgh (2.79$ - 4.84$),false,Not Healthy
40,King Rosy Sunglasses,0.99,36527009606,11.7,true,Meduim weight(<=17.73),0.47,King,Cheap (<= 1.42$),false,Not Healthy
41,Queen Eyeglass Screwdriver,0.89,86151577830,8.61,true,Light weight(<=9.66),0.37,Queen,Cheap (<= 1.42$),false,Not Healthy
42,Queen City Map,2.82,89849260449,13.6,true,Meduim weight(<=17.73),1.04,Queen,2. HIgh (2.79$ - 4.84$),false,Not Healthy
43,Club Low Fat Cottage Cheese,1.67,18711594939,17.7,true,Meduim weight(<=17.73),0.55,Club,Standard (1.42$ - 2.13$),false,Not Healthy
44,Club Low Fat Sour Cream,2.93,50668345093,10.7,false,Meduim weight(<=17.73),1.08,Club,2. HIgh (2.79$ - 4.84$),true,Healthy
45,Club Sour Cream,0.53,14866315722,13.6,false,Meduim weight(<=17.73),0.25,Club,Cheap (<= 1.42$),false,Not Healthy
46,Club Jack Cheese,3.44,82158702015,14.4,true,Meduim weight(<=17.73),1.38,Club,2. HIgh (2.79$ - 4.84$),false,Not Healthy
47,Club Muenster Cheese,2.57,39496569037,17.8,true,Heavy weight,1.23,Club,3. Meduim (2.13$ - 2.79$),false,Not Healthy
48,Club String Cheese,1.88,76026721596,6.31,true,Light weight(<=9.66),0.79,Club,Standard (1.42$ - 2.13$),true,Healthy
49,Club Low Fat String Cheese,3.38,68700224757,17,false,Meduim weight(<=17.73),1.42,Club,2. HIgh (2.79$ - 4.84$),false,Not Healthy
50,Club Havarti Cheese,3.95,74468143582,9.95,false,Meduim weight(<=17.73),1.94,Club,2. HIgh (2.79$ - 4.84$),true,Healthy
51,Club Head Cheese,1.47,24898700118,8.41,false,Light weight(<=9.66),0.44,Club,Standard (1.42$ - 2.13$),true,Healthy
52,Club Cheese Spread,2.17,66002255082,14.5,true,Meduim weight(<=17.73),0.91,Club,3. Meduim (2.13$ - 2.79$),true,Healthy
53,Club Sharp Cheddar Cheese,3.61,21053420901,18.8,true,Heavy weight,1.77,Club,2. HIgh (2.79$ - 4.84$),true,Healthy
54,Club Mild Cheddar Cheese,2.93,31394742131,9.58,false,Light weight(<=9.66),1.35,Club,2. HIgh (2.79$ - 4.84$),true,Healthy
55,Club Large Curd Cottage Cheese,3.5,21781544089,14.3,true,Meduim weight(<=17.73),1.51,Club,2. HIgh (2.79$ - 4.84$),false,Not Healthy
56,Club 2% Milk,0.71,25262761712,20.6,true,Heavy weight,0.28,Club,Cheap (<= 1.42$),false,Not Healthy
57,Club Buttermilk,0.61,74887329936,20.1,false,Heavy weight,0.29,Club,Cheap (<= 1.42$),false,Not Healthy
58,Club Chocolate Milk,2.31,23704183697,15.5,false,Meduim weight(<=17.73),0.69,Club,3. Meduim (2.13$ - 2.79$),false,Not Healthy
59,Club 1% Milk,1.4,42566518187,18.8,false,Heavy weight,0.55,Club,Cheap (<= 1.42$),false,Not Healthy
60,Club Whole Milk,2.66,50621138215,7.03,false,Light weight(<=9.66),1.2,Club,3. Meduim (2.13$ - 2.79$),false,Not Healthy
61,Club Strawberry Yogurt,0.74,93602067828,13.4,false,Meduim weight(<=17.73),0.37,Club,Cheap (<= 1.42$),true,Healthy
62,Club Blueberry Yogurt,3.82,70894454121,14.1,false,Meduim weight(<=17.73),1.72,Club,2. HIgh (2.79$ - 4.84$),true,Healthy
63,Red Spade Chicken Hot Dogs,2.95,28232321143,20.3,true,Heavy weight,0.91,Red Spade,2. HIgh (2.79$ - 4.84$),true,Healthy
64,Red Spade Pimento Loaf,1.61,64762473702,13.2,true,Meduim weight(<=17.73),0.58,Red Spade,Standard (1.42$ - 2.13$),false,Not Healthy
65,Red Spade Beef Bologna,3.76,57435976862,10.3,false,Meduim weight(<=17.73),1.54,Red Spade,2. HIgh (2.79$ - 4.84$),true,Healthy
66,Red Spade Low Fat Bologna,3.44,63203895688,11.9,true,Meduim weight(<=17.73),1.62,Red Spade,2. HIgh (2.79$ - 4.84$),true,Healthy
67,Red Spade Turkey Hot Dogs,1.86,25115165114,6.15,false,Light weight(<=9.66),0.91,Red Spade,Standard (1.42$ - 2.13$),true,Healthy
68,Red Spade Foot-Long Hot Dogs,3.56,90120850205,16,true,Meduim weight(<=17.73),1.6,Red Spade,2. HIgh (2.79$ - 4.84$),true,Healthy
69,Red Spade Low Fat Cole Slaw,3.1,21269885897,16.7,true,Meduim weight(<=17.73),1.09,Red Spade,2. HIgh (2.79$ - 4.84$),true,Healthy
70,Red Spade Cole Slaw,0.97,42828248143,8.83,false,Light weight(<=9.66),0.42,Red Spade,Cheap (<= 1.42$),false,Not Healthy
71,Red Spade Roasted Chicken,2.76,33215050101,21.8,false,Heavy weight,1.27,Red Spade,3. Meduim (2.13$ - 2.79$),false,Not Healthy
72,Red Spade Corned Beef,2.74,36696267724,20.2,false,Heavy weight,1.01,Red Spade,3. Meduim (2.13$ - 2.79$),true,Healthy
73,Red Spade Sliced Turkey,2.33,86320835947,19.1,false,Heavy weight,0.82,Red Spade,3. Meduim (2.13$ - 2.79$),false,Not Healthy
74,Red Spade Sliced Ham,1.57,35137689709,6.13,false,Light weight(<=9.66),0.61,Red Spade,Standard (1.42$ - 2.13$),true,Healthy
75,Red Spade Potato Salad,0.68,54000024199,16.9,false,Meduim weight(<=17.73),0.24,Red Spade,Cheap (<= 1.42$),true,Healthy
76,Red Spade Sliced Chicken,1.69,62054644227,18.1,false,Heavy weight,0.69,Red Spade,Standard (1.42$ - 2.13$),true,Healthy
77,Blue Medal Small Brown Eggs,2.8,50154744982,14.7,false,Meduim weight(<=17.73),1.12,Blue Medal,2. HIgh (2.79$ - 4.84$),true,Healthy
78,Blue Medal Large Brown Eggs,2.19,27447131276,19.5,true,Heavy weight,0.92,Blue Medal,3. Meduim (2.13$ - 2.79$),true,Healthy
79,Blue Medal Small Eggs,1.32,39665827155,12.4,false,Meduim weight(<=17.73),0.54,Blue Medal,Cheap (<= 1.42$),true,Healthy
80,Blue Medal Large Eggs,3.63,76195979714,17.1,false,Meduim weight(<=17.73),1.42,Blue Medal,2. HIgh (2.79$ - 4.84$),false,Not Healthy
81,Blue Medal Egg Substitute,2.13,68869482874,17,false,Meduim weight(<=17.73),0.87,Blue Medal,Standard (1.42$ - 2.13$),false,Not Healthy
82,Golden Low Fat Waffles,2.7,74637401700,21.3,false,Heavy weight,1.19,Golden,3. Meduim (2.13$ - 2.79$),true,Healthy
83,Golden Orange Popsicles,3.88,36548671126,18,true,Heavy weight,1.63,Golden,2. HIgh (2.79$ - 4.84$),false,Not Healthy
84,Golden Frozen Chicken Breast,2.81,11554356217,14.6,false,Meduim weight(<=17.73),1.29,Golden,2. HIgh (2.79$ - 4.84$),false,Not Healthy
85,Golden Frozen Pancakes,1.36,32703391909,7.12,false,Light weight(<=9.66),0.54,Golden,Cheap (<= 1.42$),true,Healthy
86,Golden Low Fat French Fries,2.97,66946843266,14.2,false,Meduim weight(<=17.73),1.4,Golden,2. HIgh (2.79$ - 4.84$),true,Healthy
87,Golden Frozen Sausage Pizza,1.78,57333645224,19,true,Heavy weight,0.71,Golden,Standard (1.42$ - 2.13$),false,Not Healthy
88,Golden Blueberry Waffles,0.86,25695691704,7.86,true,Light weight(<=9.66),0.34,Golden,Cheap (<= 1.42$),false,Not Healthy
89,Golden Fajita French Fries,1.59,51418129801,20.5,false,Heavy weight,0.62,Golden,Standard (1.42$ - 2.13$),false,Not Healthy
90,Golden Waffles,0.77,24137113690,10.2,false,Meduim weight(<=17.73),0.24,Golden,Cheap (<= 1.42$),true,Healthy
91,Golden Frozen Pepperoni Pizza,2.68,42999448180,12.8,true,Meduim weight(<=17.73),1.34,Golden,3. Meduim (2.13$ - 2.79$),true,Healthy
92,Golden Frozen Cheese Pizza,0.83,51054068207,17.1,true,Meduim weight(<=17.73),0.31,Golden,Cheap (<= 1.42$),false,Not Healthy
93,Golden Frozen Mushroom Pizza,0.96,39154168963,16.4,true,Meduim weight(<=17.73),0.37,Golden,Cheap (<= 1.42$),false,Not Healthy
94,Golden Apple Cinnamon Waffles,0.62,16446555256,7.9,true,Light weight(<=9.66),0.25,Golden,Cheap (<= 1.42$),false,Not Healthy
95,Golden Frozen Carrots,1.46,39882292151,8.58,true,Light weight(<=9.66),0.69,Golden,Standard (1.42$ - 2.13$),false,Not Healthy
96,Golden Turkey TV Dinner,2.11,10314574837,10.7,true,Meduim weight(<=17.73),0.91,Golden,Standard (1.42$ - 2.13$),true,Healthy
97,Golden Chicken TV Dinner,0.59,57605234980,18.3,true,Heavy weight,0.28,Golden,Cheap (<= 1.42$),false,Not Healthy
98,Golden Beef TV Dinner,1.83,63373153805,9.43,false,Light weight(<=9.66),0.79,Golden,Standard (1.42$ - 2.13$),false,Not Healthy
99,Golden Pancake Mix,2.36,25284423232,8.83,true,Light weight(<=9.66),1.09,Golden,3. Meduim (2.13$ - 2.79$),true,Healthy
100,Golden Grape Popsicles,1.95,90290108323,9.49,true,Light weight(<=9.66),0.62,Golden,Standard (1.42$ - 2.13$),true,Healthy
101,Golden Home Style French Fries,0.72,21439144015,20.6,false,Heavy weight,0.26,Golden,Cheap (<= 1.42$),true,Healthy
102,Golden Lime Popsicles,2.45,55682595372,18.2,false,Heavy weight,0.81,Golden,3. Meduim (2.13$ - 2.79$),true,Healthy
103,Golden Ice Cream,0.95,46069397330,9.81,true,Meduim weight(<=17.73),0.41,Golden,Cheap (<= 1.42$),false,Not Healthy
104,Golden Ice Cream Sandwich,3.89,49550614953,12.3,false,Meduim weight(<=17.73),1.59,Golden,2. HIgh (2.79$ - 4.84$),true,Healthy
105,Golden Frozen Cauliflower,3.72,75273053050,6.16,true,Light weight(<=9.66),1.67,Golden,2. HIgh (2.79$ - 4.84$),false,Not Healthy
106,Golden Frozen Broccoli,2.96,36774995923,14.6,true,Meduim weight(<=17.73),1.39,Golden,2. HIgh (2.79$ - 4.84$),true,Healthy
107,Golden Frozen Corn,1.81,55637330412,19.9,false,Heavy weight,0.8,Golden,Standard (1.42$ - 2.13$),false,Not Healthy
108,Golden Frozen Peas,2.19,63691950440,11.9,true,Meduim weight(<=17.73),1.01,Golden,3. Meduim (2.13$ - 2.79$),true,Healthy
109,Golden Popsicles,3.95,51792051196,19,false,Heavy weight,1.38,Golden,2. HIgh (2.79$ - 4.84$),false,Not Healthy
110,Golden Frozen Chicken Thighs,2.35,29084437489,12,true,Meduim weight(<=17.73),0.73,Golden,3. Meduim (2.13$ - 2.79$),true,Healthy
111,Golden Frozen Chicken Wings,3.48,52520174384,15.4,true,Meduim weight(<=17.73),1.25,Golden,2. HIgh (2.79$ - 4.84$),true,Healthy
112,Golden Lemon Popsicles,1.13,89050326943,9.35,false,Light weight(<=9.66),0.41,Golden,Cheap (<= 1.42$),true,Healthy
113,Faux Products Silky Smooth Hair Conditioner,2.29,15625960230,19.7,true,Heavy weight,1.05,Faux Products,3. Meduim (2.13$ - 2.79$),false,Not Healthy
114,Faux Products Tartar Control Toothpaste,0.92,21393879055,20.6,false,Heavy weight,0.43,Faux Products,Cheap (<= 1.42$),false,Not Healthy
115,Faux Products Whitening Toothpast,0.65,14283847212,20.6,true,Heavy weight,0.2,Faux Products,Cheap (<= 1.42$),false,Not Healthy
116,Faux Products Toothpaste,3.97,79289532303,8.33,true,Light weight(<=9.66),1.51,Faux Products,2. HIgh (2.79$ - 4.84$),false,Not Healthy
117,Faux Products Deodorant,2.75,10438567996,9.24,false,Light weight(<=9.66),1.29,Faux Products,3. Meduim (2.13$ - 2.79$),false,Not Healthy
118,Faux Products Conditioning Shampoo,1.48,44682019352,8.27,true,Light weight(<=9.66),0.46,Faux Products,Standard (1.42$ - 2.13$),false,Not Healthy
119,Faux Products Extra Moisture Shampoo,2.28,35068821310,20.1,false,Heavy weight,1.03,Faux Products,3. Meduim (2.13$ - 2.79$),false,Not Healthy
120,Faux Products Angled Toothbrush,2.26,14647908806,12.9,false,Meduim weight(<=17.73),0.75,Faux Products,3. Meduim (2.13$ - 2.79$),false,Not Healthy
121,Faux Products Apricot Shampoo,2.98,64272477030,11.6,true,Meduim weight(<=17.73),1.34,Faux Products,2. HIgh (2.79$ - 4.84$),false,Not Healthy
122,Faux Products Childrens Aspirin,1.99,36991460919,12.5,false,Meduim weight(<=17.73),0.84,Faux Products,Standard (1.42$ - 2.13$),false,Not Healthy
123,Faux Products Buffered Aspirin,3.84,31951665282,12.4,false,Meduim weight(<=17.73),1.54,Faux Products,2. HIgh (2.79$ - 4.84$),false,Not Healthy
124,Faux Products 200 MG Ibuprofen,1.21,52691374421,13.3,true,Meduim weight(<=17.73),0.41,Faux Products,Cheap (<= 1.42$),false,Not Healthy
125,Faux Products 200 MG Acetominifen,2.32,16889345049,11.1,false,Meduim weight(<=17.73),0.88,Faux Products,3. Meduim (2.13$ - 2.79$),false,Not Healthy
126,Faux Products HCL Nasal Spray,1.61,18083861470,20.8,true,Heavy weight,0.77,Faux Products,Standard (1.42$ - 2.13$),false,Not Healthy
127,Faux Products Dishwasher Detergent,1.74,41519598364,16.7,true,Meduim weight(<=17.73),0.85,Faux Products,Standard (1.42$ - 2.13$),false,Not Healthy
128,Faux Products Multi-Symptom Cold Remedy,0.53,78049750924,14.5,false,Meduim weight(<=17.73),0.19,Faux Products,Cheap (<= 1.42$),false,Not Healthy
129,Faux Products Childrens Cold Remedy,1.55,94625384211,9.49,true,Light weight(<=9.66),0.67,Faux Products,Standard (1.42$ - 2.13$),false,Not Healthy
130,Faux Products Laundry Detergent,2.23,10393303036,21.3,true,Heavy weight,0.83,Faux Products,3. Meduim (2.13$ - 2.79$),false,Not Healthy
131,Faux Products Mint Mouthwash,2.4,62304572463,19.1,false,Heavy weight,0.74,Faux Products,3. Meduim (2.13$ - 2.79$),false,Not Healthy
132,Denny 60 Watt Lightbulb,1.92,37310257554,20,true,Heavy weight,0.71,Denny,Standard (1.42$ - 2.13$),false,Not Healthy
133,Denny Plastic Forks,0.7,90229007601,14,false,Meduim weight(<=17.73),0.29,Denny,Cheap (<= 1.42$),false,Not Healthy
134,Denny Plastic Spoons,2.43,34472458958,6.83,true,Light weight(<=9.66),1.09,Denny,3. Meduim (2.13$ - 2.79$),false,Not Healthy
135,Denny Plastic Knives,3.89,24859260916,7.74,false,Light weight(<=9.66),1.71,Denny,2. HIgh (2.79$ - 4.84$),false,Not Healthy
136,Denny C-Size Batteries,3.87,94438348412,17.4,false,Meduim weight(<=17.73),1.86,Denny,2. HIgh (2.79$ - 4.84$),false,Not Healthy
137,Denny 100 Watt Lightbulb,3.7,54062916636,13.3,true,Meduim weight(<=17.73),1.78,Denny,2. HIgh (2.79$ - 4.84$),false,Not Healthy
138,Denny AAA-Size Batteries,2.7,26781900525,12.3,true,Meduim weight(<=17.73),1.22,Denny,3. Meduim (2.13$ - 2.79$),false,Not Healthy
139,Denny Paper Plates,1.79,21742104887,21.1,false,Heavy weight,0.84,Denny,Standard (1.42$ - 2.13$),false,Not Healthy
140,Denny Paper Cups,1.82,53698855042,6.03,false,Light weight(<=9.66),0.8,Denny,Standard (1.42$ - 2.13$),false,Not Healthy
141,Denny 75 Watt Lightbulb,3.93,96679784655,15.7,true,Meduim weight(<=17.73),1.97,Denny,2. HIgh (2.79$ - 4.84$),false,Not Healthy
142,Denny Toilet Bowl Cleaner,2.32,97874301075,8.48,false,Light weight(<=9.66),1.14,Denny,3. Meduim (2.13$ - 2.79$),false,Not Healthy
143,Denny Counter Cleaner,2.46,31310037970,9.39,false,Light weight(<=9.66),1.03,Denny,3. Meduim (2.13$ - 2.79$),false,Not Healthy
144,Denny Glass Cleaner,0.51,67840190529,20.3,true,Heavy weight,0.25,Denny,Cheap (<= 1.42$),false,Not Healthy
145,Denny 25 Watt Lightbulb,2.27,84415823817,21.2,false,Heavy weight,0.73,Denny,3. Meduim (2.13$ - 2.79$),false,Not Healthy
146,Denny AA-Size Batteries,3.83,90183742642,14,true,Meduim weight(<=17.73),1.3,Denny,2. HIgh (2.79$ - 4.84$),false,Not Healthy
147,Denny D-Size Batteries,0.64,52095012068,13,true,Meduim weight(<=17.73),0.25,Denny,Cheap (<= 1.42$),false,Not Healthy
148,Denny Paper Towels,3.95,27100697159,8.94,true,Light weight(<=9.66),1.3,Denny,2. HIgh (2.79$ - 4.84$),false,Not Healthy
149,Denny Soft Napkins,2.49,48249732851,17.6,true,Meduim weight(<=17.73),1.1,Denny,3. Meduim (2.13$ - 2.79$),false,Not Healthy
150,Denny Scented Tissue,3.45,45905964970,18.6,true,Heavy weight,1.55,Denny,2. HIgh (2.79$ - 4.84$),false,Not Healthy
151,Denny Toilet Paper,2.91,36292766928,12.3,true,Meduim weight(<=17.73),1.08,Denny,2. HIgh (2.79$ - 4.84$),false,Not Healthy
152,Denny Tissues,2.89,15871854424,17.2,true,Meduim weight(<=17.73),1.04,Denny,2. HIgh (2.79$ - 4.84$),false,Not Healthy
153,Denny Scented Toilet Tissue,2.72,96475121378,18.1,false,Heavy weight,0.95,Denny,3. Meduim (2.13$ - 2.79$),false,Not Healthy
154,Denny Room Freshener,1.96,69194105267,16.8,true,Meduim weight(<=17.73),0.67,Denny,Standard (1.42$ - 2.13$),false,Not Healthy
155,Denny Frying Pan,3.81,64154309630,20.6,true,Heavy weight,1.79,Denny,2. HIgh (2.79$ - 4.84$),false,Not Healthy
156,Denny Copper Cleaner,0.55,96111059784,21.5,false,Heavy weight,0.23,Denny,Cheap (<= 1.42$),false,Not Healthy
157,Denny Bees Wax Candles,2.95,60309030413,20.2,true,Heavy weight,1.3,Denny,2. HIgh (2.79$ - 4.84$),false,Not Healthy
158,Denny Silver Cleaner,1.58,37601416707,21.1,false,Heavy weight,0.54,Denny,Standard (1.42$ - 2.13$),false,Not Healthy
159,Denny Copper Pot Scrubber,1.71,84939283728,10.1,false,Meduim weight(<=17.73),0.74,Denny,Standard (1.42$ - 2.13$),false,Not Healthy
160,Denny Economy Toilet Brush,2.13,31469436287,9.18,false,Light weight(<=9.66),1.04,Denny,Standard (1.42$ - 2.13$),false,Not Healthy
161,Denny Scissors,1.52,24142939448,10,true,Meduim weight(<=17.73),0.64,Denny,Standard (1.42$ - 2.13$),false,Not Healthy
162,Denny Large Sponge,2.85,18693817257,13.8,true,Meduim weight(<=17.73),1.23,Denny,2. HIgh (2.79$ - 4.84$),false,Not Healthy
163,Denny Screw Driver,2.38,94507216811,14.7,false,Meduim weight(<=17.73),0.83,Denny,3. Meduim (2.13$ - 2.79$),false,Not Healthy
164,Ship Shape Extra Lean Hamburger,2.97,69512901902,13.4,true,Meduim weight(<=17.73),1.46,Ship Shape,2. HIgh (2.79$ - 4.84$),true,Healthy
165,Ship Shape Seasoned Hamburger,1.75,90661937594,8.26,false,Light weight(<=9.66),0.61,Ship Shape,Standard (1.42$ - 2.13$),false,Not Healthy
166,Robust Monthly Sports Magazine,2.47,11003258824,11.2,true,Meduim weight(<=17.73),1.04,Robust,3. Meduim (2.13$ - 2.79$),false,Not Healthy
167,Robust Monthly Auto Magazine,0.6,91390060782,14.4,false,Meduim weight(<=17.73),0.22,Robust,Cheap (<= 1.42$),false,Not Healthy
168,Robust Monthly Computer Magazine,1.26,94871278405,10.4,false,Meduim weight(<=17.73),0.57,Robust,Cheap (<= 1.42$),false,Not Healthy
169,Robust Monthly Home Magazine,1.98,54495846629,19.5,true,Heavy weight,0.71,Robust,Standard (1.42$ - 2.13$),false,Not Healthy
170,Robust Monthly Fashion Magazine,3.2,57929857373,9.56,false,Light weight(<=9.66),1.44,Robust,2. HIgh (2.79$ - 4.84$),false,Not Healthy
171,High Top Summer Squash,2.95,76792191863,18.7,false,Heavy weight,1.27,High Top,2. HIgh (2.79$ - 4.84$),false,Not Healthy
172,High Top Corn on the Cob,3.32,18748942017,16.1,false,Meduim weight(<=17.73),1.03,High Top,2. HIgh (2.79$ - 4.84$),true,Healthy
173,High Top Asparagus,1.43,72946912646,21.9,false,Heavy weight,0.6,High Top,Standard (1.42$ - 2.13$),false,Not Healthy
174,High Top Sweet Peas,1.71,50239298939,13.4,true,Meduim weight(<=17.73),0.62,High Top,Standard (1.42$ - 2.13$),false,Not Healthy
175,High Top New Potatos,3.85,97577165961,6.82,true,Light weight(<=9.66),1.58,High Top,2. HIgh (2.79$ - 4.84$),true,Healthy
176,High Top Beets,2.27,44107318520,12.1,true,Meduim weight(<=17.73),0.75,High Top,3. Meduim (2.13$ - 2.79$),false,Not Healthy
177,High Top Prepared Salad,1.66,36780821681,10.5,false,Meduim weight(<=17.73),0.81,High Top,Standard (1.42$ - 2.13$),false,Not Healthy
178,High Top Onions,1.33,42548740506,19.5,true,Heavy weight,0.41,High Top,Cheap (<= 1.42$),true,Healthy
179,High Top Green Pepper,2.75,83242968916,19.7,false,Heavy weight,0.88,High Top,3. Meduim (2.13$ - 2.79$),true,Healthy
180,High Top Shitake Mushrooms,0.69,34346523880,12.3,false,Meduim weight(<=17.73),0.32,High Top,Cheap (<= 1.42$),false,Not Healthy
181,High Top Lettuce,0.93,79397689700,16.1,false,Meduim weight(<=17.73),0.35,High Top,Cheap (<= 1.42$),true,Healthy
182,High Top Elephant Garlic,1.84,89739010930,9.05,false,Light weight(<=9.66),0.66,High Top,Standard (1.42$ - 2.13$),true,Healthy
183,High Top Red Pepper,2.41,80125812888,7.06,true,Light weight(<=9.66),1.04,High Top,3. Meduim (2.13$ - 2.79$),false,Not Healthy
184,High Top Garlic,3.4,83607030510,20,true,Heavy weight,1.67,High Top,2. HIgh (2.79$ - 4.84$),true,Healthy
185,High Top Potatos,0.57,43231598734,9.3,true,Light weight(<=9.66),0.22,High Top,Cheap (<= 1.42$),false,Not Healthy
186,High Top Cauliflower,2.23,82048452496,18.7,false,Heavy weight,1.05,High Top,3. Meduim (2.13$ - 2.79$),false,Not Healthy
187,High Top Tomatos,1.32,10910786986,14.8,false,Meduim weight(<=17.73),0.42,High Top,Cheap (<= 1.42$),true,Healthy
188,High Top Mushrooms,2.58,18965407013,14.7,true,Meduim weight(<=17.73),0.8,High Top,3. Meduim (2.13$ - 2.79$),true,Healthy
189,High Top Baby Onion,3.45,61946336627,8.51,true,Light weight(<=9.66),1.24,High Top,2. HIgh (2.79$ - 4.84$),false,Not Healthy
190,High Top Dried Mushrooms,3.74,39238722920,18.7,true,Heavy weight,1.5,High Top,2. HIgh (2.79$ - 4.84$),true,Healthy
191,High Top Fresh Lima Beans,2.87,86576589941,12.6,true,Meduim weight(<=17.73),1.06,High Top,2. HIgh (2.79$ - 4.84$),false,Not Healthy
192,High Top Squash,1.52,33106742501,10.7,false,Meduim weight(<=17.73),0.61,High Top,Standard (1.42$ - 2.13$),true,Healthy
193,High Top Limes,3.68,25780245661,11.8,true,Meduim weight(<=17.73),1.62,High Top,2. HIgh (2.79$ - 4.84$),false,Not Healthy
194,High Top Firm Tofu,3.36,31548164486,11.6,true,Meduim weight(<=17.73),1.28,High Top,2. HIgh (2.79$ - 4.84$),true,Healthy
195,High Top Almonds,1.77,83459433913,8.72,false,Light weight(<=9.66),0.55,High Top,Standard (1.42$ - 2.13$),true,Healthy
196,High Top Macintosh Apples,2.47,58465119004,12.1,true,Meduim weight(<=17.73),0.79,High Top,3. Meduim (2.13$ - 2.79$),true,Healthy
197,High Top Golden Delcious Apples,2.91,79614154696,21.5,false,Heavy weight,1.46,High Top,2. HIgh (2.79$ - 4.84$),true,Healthy
198,High Top Red Delcious Apples,0.92,78738434910,17.2,true,Meduim weight(<=17.73),0.31,High Top,Cheap (<= 1.42$),true,Healthy
199,High Top Lemons,1.67,69125236868,19.2,true,Heavy weight,0.73,High Top,Standard (1.42$ - 2.13$),false,Not Healthy
200,High Top Fancy Plums,2.65,72606454491,6.74,false,Light weight(<=9.66),1.3,High Top,3. Meduim (2.13$ - 2.79$),false,Not Healthy
201,High Top Plums,2.25,32231022715,14.7,false,Meduim weight(<=17.73),0.88,High Top,3. Meduim (2.13$ - 2.79$),false,Not Healthy
202,High Top Peaches,1.49,71047876477,11.8,false,Meduim weight(<=17.73),0.7,High Top,Standard (1.42$ - 2.13$),false,Not Healthy
203,High Top Broccoli,0.63,89910210967,8.85,true,Light weight(<=9.66),0.2,High Top,Cheap (<= 1.42$),false,Not Healthy
204,High Top Mandarin Oranges,1.6,97964830994,13.6,false,Meduim weight(<=17.73),0.62,High Top,Standard (1.42$ - 2.13$),false,Not Healthy
205,High Top Mixed Nuts,2.71,86064931750,13.9,true,Meduim weight(<=17.73),1.25,High Top,3. Meduim (2.13$ - 2.79$),false,Not Healthy
206,High Top Canned Peanuts,2.11,50672228932,10.9,false,Meduim weight(<=17.73),0.89,High Top,Standard (1.42$ - 2.13$),true,Healthy
207,High Top Sweet Onion,1.24,98010095953,13.5,true,Meduim weight(<=17.73),0.55,High Top,Cheap (<= 1.42$),true,Healthy
208,High Top Cantelope,2.47,44540248513,13.4,true,Meduim weight(<=17.73),1.11,High Top,3. Meduim (2.13$ - 2.79$),true,Healthy
209,High Top Honey Dew,1.87,37213751673,17.3,true,Meduim weight(<=17.73),0.58,High Top,Standard (1.42$ - 2.13$),false,Not Healthy
210,High Top Fuji Apples,1.54,42981670498,17,false,Meduim weight(<=17.73),0.55,High Top,Standard (1.42$ - 2.13$),true,Healthy
211,High Top Walnuts,2.72,94892939925,14.5,true,Meduim weight(<=17.73),1.22,High Top,3. Meduim (2.13$ - 2.79$),false,Not Healthy
212,High Top Oranges,1.66,69898625016,9.78,false,Meduim weight(<=17.73),0.58,High Top,Standard (1.42$ - 2.13$),false,Not Healthy
213,High Top Tangerines,0.56,91047660708,7.22,true,Light weight(<=9.66),0.19,High Top,Cheap (<= 1.42$),false,Not Healthy
214,High Top Party Nuts,2.82,35291112065,21.6,true,Heavy weight,1.07,High Top,2. HIgh (2.79$ - 4.84$),true,Healthy
215,Tip Top Lox,0.79,80295071005,14.1,true,Meduim weight(<=17.73),0.33,Tip Top,Cheap (<= 1.42$),false,Not Healthy
216,Tip Top Scallops,3.6,83776288628,21.3,true,Heavy weight,1.48,Tip Top,2. HIgh (2.79$ - 4.84$),true,Healthy
217,Best Choice Low Fat Cookies,0.68,19498726725,16,true,Meduim weight(<=17.73),0.29,Best Choice,Cheap (<= 1.42$),false,Not Healthy
218,Best Choice BBQ Potato Chips,3.44,82217710614,16.2,false,Meduim weight(<=17.73),1.65,Best Choice,2. HIgh (2.79$ - 4.84$),false,Not Healthy
219,Best Choice Corn Chips,2.52,11080045104,20.6,true,Heavy weight,0.83,Best Choice,3. Meduim (2.13$ - 2.79$),true,Healthy
220,Best Choice Low Fat BBQ Chips,2.55,19134665131,12.2,false,Meduim weight(<=17.73),0.77,Best Choice,3. Meduim (2.13$ - 2.79$),true,Healthy
221,Best Choice Sugar Cookies,3.66,97234765887,15.2,false,Meduim weight(<=17.73),1.43,Best Choice,2. HIgh (2.79$ - 4.84$),false,Not Healthy
222,Best Choice Chocolate Chip Cookies,3.95,74527152180,15,false,Meduim weight(<=17.73),1.22,Best Choice,2. HIgh (2.79$ - 4.84$),true,Healthy
223,Best Choice Fudge Cookies,3.19,97962889075,20.3,true,Heavy weight,1.28,Best Choice,2. HIgh (2.79$ - 4.84$),false,Not Healthy
224,Best Choice Fudge Brownies,1.73,33276000618,8.24,false,Light weight(<=9.66),0.61,Best Choice,Standard (1.42$ - 2.13$),false,Not Healthy
225,Best Choice Potato Chips,3.89,25949503779,19.8,false,Heavy weight,1.87,Best Choice,2. HIgh (2.79$ - 4.84$),false,Not Healthy
226,Best Choice Lemon Cookies,0.76,31717422604,10.4,true,Meduim weight(<=17.73),0.33,Best Choice,Cheap (<= 1.42$),true,Healthy
227,Best Choice Graham Crackers,1.98,83628692030,15.7,false,Meduim weight(<=17.73),0.87,Best Choice,Standard (1.42$ - 2.13$),true,Healthy
228,Best Choice Cheese Crackers,0.82,58634377121,8.71,false,Light weight(<=9.66),0.41,Best Choice,Cheap (<= 1.42$),true,Healthy
229,Best Choice Buttered Popcorn,2.23,79783412814,13.6,false,Meduim weight(<=17.73),1,Best Choice,3. Meduim (2.13$ - 2.79$),false,Not Healthy
230,Best Choice No Salt Popcorn,1.19,24026864171,14.7,true,Meduim weight(<=17.73),0.46,Best Choice,Cheap (<= 1.42$),true,Healthy
231,Best Choice Low Fat Popcorn,2.65,14413666129,10,false,Meduim weight(<=17.73),1.01,Best Choice,3. Meduim (2.13$ - 2.79$),false,Not Healthy
232,Best Choice Salsa Dip,2.63,17894883751,16.1,false,Meduim weight(<=17.73),0.84,Best Choice,3. Meduim (2.13$ - 2.79$),false,Not Healthy
233,Best Choice Avocado Dip,2.46,98498150706,18.6,true,Heavy weight,1.23,Best Choice,3. Meduim (2.13$ - 2.79$),false,Not Healthy
234,Best Choice Salted Pretzels,2.7,71217134594,14.4,false,Meduim weight(<=17.73),1.03,Best Choice,3. Meduim (2.13$ - 2.79$),true,Healthy
235,Best Choice Cheese Dip,3.55,90079469084,11.5,false,Meduim weight(<=17.73),1.21,Best Choice,2. HIgh (2.79$ - 4.84$),false,Not Healthy
236,Best Choice Fondue Mix,1.81,98134089112,10.8,false,Meduim weight(<=17.73),0.67,Best Choice,Standard (1.42$ - 2.13$),true,Healthy
237,Best Choice Mini Donuts,2.68,86234189867,21.6,true,Heavy weight,1.07,Best Choice,3. Meduim (2.13$ - 2.79$),true,Healthy
238,Best Choice Beef Jerky,1.97,63526576161,8.17,false,Light weight(<=9.66),0.85,Best Choice,Standard (1.42$ - 2.13$),true,Healthy
239,Best Choice Chocolate Donuts,2.21,86962313055,16.5,true,Meduim weight(<=17.73),0.77,Best Choice,3. Meduim (2.13$ - 2.79$),true,Healthy
240,Best Choice Low Fat Chips,0.86,33492465615,7.13,false,Light weight(<=9.66),0.4,Best Choice,Cheap (<= 1.42$),true,Healthy
241,Best Choice Sesame Crackers,2.91,50068098902,21.5,true,Heavy weight,1.02,Best Choice,2. HIgh (2.79$ - 4.84$),false,Not Healthy
242,Best Choice Frosted Cookies,2.59,20716846585,9.51,false,Light weight(<=9.66),1.01,Best Choice,3. Meduim (2.13$ - 2.79$),true,Healthy
243,Best Choice Dried Apples,2.11,72628116011,6.6,true,Light weight(<=9.66),0.99,Best Choice,Standard (1.42$ - 2.13$),true,Healthy
244,Best Choice Apple Fruit Roll,2.7,47633801102,7.29,true,Light weight(<=9.66),0.84,Best Choice,3. Meduim (2.13$ - 2.79$),true,Healthy
245,Best Choice Strawberry Fruit Roll,1.49,68782836794,9.9,false,Meduim weight(<=17.73),0.46,Best Choice,Standard (1.42$ - 2.13$),false,Not Healthy
246,Best Choice Raspberry Fruit Roll,3.21,13026288151,18.8,true,Heavy weight,1.22,Best Choice,2. HIgh (2.79$ - 4.84$),false,Not Healthy
247,Best Choice Grape Fruit Roll,1.78,93413090109,13,false,Meduim weight(<=17.73),0.85,Best Choice,Standard (1.42$ - 2.13$),false,Not Healthy
248,Best Choice Dried Dates,0.86,72992177605,14.7,true,Meduim weight(<=17.73),0.31,Best Choice,Cheap (<= 1.42$),true,Healthy
249,Best Choice Raisins,1.59,32616745829,20,false,Heavy weight,0.68,Best Choice,Standard (1.42$ - 2.13$),false,Not Healthy
250,Best Choice Golden Raisins,2.59,95335729718,13.4,false,Meduim weight(<=17.73),0.83,Best Choice,3. Meduim (2.13$ - 2.79$),false,Not Healthy
251,Best Choice Dried Apricots,2.44,78815221190,18.6,false,Heavy weight,1.12,Best Choice,3. Meduim (2.13$ - 2.79$),false,Not Healthy
252,Best Choice Frosted Donuts,2.71,20771971344,20.7,false,Heavy weight,1.33,Best Choice,3. Meduim (2.13$ - 2.79$),false,Not Healthy
253,Choice Tasty Candy Bar,0.89,74969941973,18.2,false,Heavy weight,0.38,Choice,Cheap (<= 1.42$),true,Healthy
254,Choice Mint Chocolate Bar,0.56,76164458394,11.6,false,Meduim weight(<=17.73),0.2,Choice,Cheap (<= 1.42$),true,Healthy
255,Choice Malted Milk Balls,0.64,99600195288,8.65,false,Light weight(<=9.66),0.24,Choice,Cheap (<= 1.42$),true,Healthy
256,Choice Semi-Sweet Chocolate Bar,2.65,46130347847,21.7,true,Heavy weight,0.82,Choice,3. Meduim (2.13$ - 2.79$),false,Not Healthy
257,Choice Bubble Gum,0.53,62705981135,6.89,false,Light weight(<=9.66),0.16,Choice,Cheap (<= 1.42$),true,Healthy
258,Choice Spicy Mints,1.72,68473899960,18.6,true,Heavy weight,0.6,Choice,Standard (1.42$ - 2.13$),false,Not Healthy
259,Choice Mints,1.9,61363868117,18.4,true,Heavy weight,0.84,Choice,Standard (1.42$ - 2.13$),false,Not Healthy
260,Choice White Chocolate Bar,1.84,36369553208,21.9,false,Heavy weight,0.72,Choice,Standard (1.42$ - 2.13$),false,Not Healthy
261,Medalist Ravioli,3.38,57518588900,17.5,true,Meduim weight(<=17.73),1.42,Medalist,2. HIgh (2.79$ - 4.84$),false,Not Healthy
262,Medalist Manicotti,1.34,91762040257,21,true,Heavy weight,0.44,Medalist,Cheap (<= 1.42$),false,Not Healthy
263,Medalist Spaghetti,3.8,82148842215,13.9,true,Meduim weight(<=17.73),1.33,Medalist,2. HIgh (2.79$ - 4.84$),false,Not Healthy
264,Medalist Thai Rice,2.78,61727929711,18.7,true,Heavy weight,1.25,Medalist,3. Meduim (2.13$ - 2.79$),true,Healthy
265,Medalist Rice Medly,3.61,21352497935,10.7,true,Meduim weight(<=17.73),1.19,Medalist,2. HIgh (2.79$ - 4.84$),true,Healthy
266,Good Imported Beer,1.62,84071481823,6.89,false,Light weight(<=9.66),0.76,Good,Standard (1.42$ - 2.13$),false,Not Healthy
267,Good Light Wine,0.83,79031686186,6.98,false,Light weight(<=9.66),0.28,Good,Cheap (<= 1.42$),false,Not Healthy
268,Good Chardonnay Wine,1.73,99771395325,9.26,false,Light weight(<=9.66),0.54,Good,Standard (1.42$ - 2.13$),false,Not Healthy
269,Good Chablis Wine,2.84,63969365954,10.5,false,Meduim weight(<=17.73),1.25,Good,2. HIgh (2.79$ - 4.84$),false,Not Healthy
270,Good Merlot Wine,2.24,65163882374,9.71,true,Meduim weight(<=17.73),0.78,Good,3. Meduim (2.13$ - 2.79$),false,Not Healthy
271,Good Chardonnay,2.37,88599619269,12,true,Meduim weight(<=17.73),1.16,Good,3. Meduim (2.13$ - 2.79$),false,Not Healthy
272,Good White Zinfandel Wine,3.91,35129771828,7.07,true,Light weight(<=9.66),1.92,Good,2. HIgh (2.79$ - 4.84$),false,Not Healthy
273,Good Light Beer,2.18,51705405116,9.35,false,Light weight(<=9.66),1.02,Good,3. Meduim (2.13$ - 2.79$),false,Not Healthy
274,Great Pumpernickel Bread,3.74,57473323941,8.5,false,Light weight(<=9.66),1.68,Great,2. HIgh (2.79$ - 4.84$),true,Healthy
275,Great White Bread,3.27,19384593367,17.4,true,Meduim weight(<=17.73),1.41,Great,2. HIgh (2.79$ - 4.84$),false,Not Healthy
276,Great Rye Bread,3.86,84390278458,6.2,true,Light weight(<=9.66),1.51,Great,2. HIgh (2.79$ - 4.84$),true,Healthy
277,Great English Muffins,2.41,68952094912,11.5,false,Meduim weight(<=17.73),1.18,Great,3. Meduim (2.13$ - 2.79$),true,Healthy
278,Great Cranberry Muffins,3.36,13195546269,8.55,true,Light weight(<=9.66),1.04,Great,2. HIgh (2.79$ - 4.84$),true,Healthy
279,Great Muffins,2.82,93582348227,6.44,false,Light weight(<=9.66),1.3,Great,2. HIgh (2.79$ - 4.84$),true,Healthy
280,Great Bagels,1.81,73161435723,6.29,false,Light weight(<=9.66),0.74,Great,Standard (1.42$ - 2.13$),false,Not Healthy
281,Great Blueberry Muffins,2.63,32786003947,10.1,true,Meduim weight(<=17.73),1.13,Great,3. Meduim (2.13$ - 2.79$),true,Healthy
282,Great Wheat Bread,0.93,95504987835,13.6,true,Meduim weight(<=17.73),0.36,Great,Cheap (<= 1.42$),false,Not Healthy
283,Super Sesame Oil,2.73,90465192198,17.5,true,Meduim weight(<=17.73),0.96,Super,3. Meduim (2.13$ - 2.79$),true,Healthy
284,Super Chunky Peanut Butter,0.99,32421942353,7.71,false,Light weight(<=9.66),0.49,Super,Cheap (<= 1.42$),true,Healthy
285,Super Hot Chocolate,1.86,86619912981,9.85,false,Meduim weight(<=17.73),0.69,Super,Standard (1.42$ - 2.13$),true,Healthy
286,Super Brown Sugar,1.42,63912299275,8.25,true,Light weight(<=9.66),0.61,Super,Cheap (<= 1.42$),false,Not Healthy
287,Super White Sugar,1.56,10033125281,11.7,true,Meduim weight(<=17.73),0.61,Super,Standard (1.42$ - 2.13$),true,Healthy
288,Super French Roast Coffee,2.86,46563277840,18.9,false,Heavy weight,1.37,Super,2. HIgh (2.79$ - 4.84$),false,Not Healthy
289,Super Decaf Coffee,1.37,39236781001,7.96,false,Light weight(<=9.66),0.59,Super,Cheap (<= 1.42$),false,Not Healthy
290,Super Regular Coffee,1.7,45004699826,6.09,true,Light weight(<=9.66),0.63,Super,Standard (1.42$ - 2.13$),false,Not Healthy
291,Super Vegetable Oil,2.22,30818099379,9.24,false,Light weight(<=9.66),0.89,Super,3. Meduim (2.13$ - 2.79$),false,Not Healthy
292,Super Corn Oil,1.81,95823784470,7.64,false,Light weight(<=9.66),0.69,Super,Standard (1.42$ - 2.13$),true,Healthy
293,Super Tomato Sauce,1.6,26972820162,10.6,false,Meduim weight(<=17.73),0.48,Super,Standard (1.42$ - 2.13$),false,Not Healthy
294,Super Canola Oil,1.32,37314141392,10.9,false,Meduim weight(<=17.73),0.45,Super,Cheap (<= 1.42$),true,Healthy
295,Super Grape Preserves,3.12,27700943350,9.4,true,Light weight(<=9.66),1.19,Super,2. HIgh (2.79$ - 4.84$),true,Healthy
296,Super Columbian Coffee,0.5,62951875329,11,true,Meduim weight(<=17.73),0.23,Super,Cheap (<= 1.42$),false,Not Healthy
297,Super Strawberry Jelly,0.9,22576443552,17.4,false,Meduim weight(<=17.73),0.36,Super,Cheap (<= 1.42$),true,Healthy
298,Super Pepper,2.83,61393297314,17.7,false,Meduim weight(<=17.73),1.1,Super,2. HIgh (2.79$ - 4.84$),true,Healthy
299,Super Low Fat Apple Butter,1.68,80255631804,16.6,false,Meduim weight(<=17.73),0.77,Super,Standard (1.42$ - 2.13$),false,Not Healthy
300,Super Salt,2.94,22212381958,16.8,true,Meduim weight(<=17.73),1.44,Super,2. HIgh (2.79$ - 4.84$),false,Not Healthy
301,Super Apple Butter,0.53,76410352587,10.8,false,Meduim weight(<=17.73),0.23,Super,Cheap (<= 1.42$),true,Healthy
302,Super Oregano,3.45,53702738881,13.7,true,Meduim weight(<=17.73),1.24,Super,2. HIgh (2.79$ - 4.84$),false,Not Healthy
303,Super Apple Jelly,2.58,11040605902,13.6,true,Meduim weight(<=17.73),0.88,Super,3. Meduim (2.13$ - 2.79$),true,Healthy
304,Super Grape Jam,1.89,47570758461,10.1,true,Meduim weight(<=17.73),0.72,Super,Standard (1.42$ - 2.13$),false,Not Healthy
305,Super Apple Jam,3.39,29027220606,6.72,false,Light weight(<=9.66),1.53,Super,2. HIgh (2.79$ - 4.84$),true,Healthy
306,Super Strawberry Jam,3.96,34795139431,16.5,false,Meduim weight(<=17.73),1.47,Super,2. HIgh (2.79$ - 4.84$),true,Healthy
307,Super Creamy Peanut Butter,1.48,20608538985,18.2,false,Heavy weight,0.64,Super,Standard (1.42$ - 2.13$),true,Healthy
308,Super Strawberry Preserves,2.18,61712093949,8.82,false,Light weight(<=9.66),0.89,Super,3. Meduim (2.13$ - 2.79$),true,Healthy
309,Super Extra Chunky Peanut Butter,3.62,16763259768,18.7,true,Heavy weight,1.19,Super,2. HIgh (2.79$ - 4.84$),true,Healthy
310,Super Apple Preserves,0.76,27104580998,10.8,true,Meduim weight(<=17.73),0.33,Super,Cheap (<= 1.42$),true,Healthy
311,Super Grape Jelly,2.15,17491382956,9.67,false,Meduim weight(<=17.73),0.67,Super,3. Meduim (2.13$ - 2.79$),false,Not Healthy
312,Excellent Berry Juice,2.13,20972600579,12.6,true,Meduim weight(<=17.73),0.66,Excellent,Standard (1.42$ - 2.13$),false,Not Healthy
313,Excellent Mango Drink,2.85,11575867533,7.12,false,Light weight(<=9.66),1.37,Excellent,2. HIgh (2.79$ - 4.84$),true,Healthy
314,Excellent Strawberry Drink,1.85,50392721295,9.26,false,Light weight(<=9.66),0.81,Excellent,Standard (1.42$ - 2.13$),true,Healthy
315,Excellent Cream Soda,0.96,69255055785,15.5,false,Meduim weight(<=17.73),0.39,Excellent,Cheap (<= 1.42$),false,Not Healthy
316,Excellent Diet Soda,1.31,77309675812,7.28,true,Light weight(<=9.66),0.55,Excellent,Cheap (<= 1.42$),false,Not Healthy
317,Excellent Cola,2.18,65409776568,13.1,true,Meduim weight(<=17.73),1.09,Excellent,3. Meduim (2.13$ - 2.79$),false,Not Healthy
318,Excellent Diet Cola,2.47,42702162861,17.8,true,Heavy weight,0.96,Excellent,3. Meduim (2.13$ - 2.79$),false,Not Healthy
319,Excellent Orange Juice,1.6,90040029883,9.58,false,Light weight(<=9.66),0.59,Excellent,Standard (1.42$ - 2.13$),false,Not Healthy
320,Excellent Cranberry Juice,3.26,36570182442,16.4,false,Meduim weight(<=17.73),1.08,Excellent,2. HIgh (2.79$ - 4.84$),false,Not Healthy
321,Excellent Apple Juice,2.41,29243685603,13.2,true,Meduim weight(<=17.73),0.8,Excellent,3. Meduim (2.13$ - 2.79$),false,Not Healthy
322,Excellent Apple Drink,2.98,35011604428,12.8,false,Meduim weight(<=17.73),0.92,Excellent,2. HIgh (2.79$ - 4.84$),false,Not Healthy
323,Best Oatmeal,3.5,75705832839,15.4,false,Meduim weight(<=17.73),1.23,Best,2. HIgh (2.79$ - 4.84$),true,Healthy
324,Best Corn Puffs,1.97,50711517930,7.43,false,Light weight(<=9.66),0.85,Best,Standard (1.42$ - 2.13$),false,Not Healthy
325,Best Wheat Puffs,1.51,71860553622,19.1,true,Heavy weight,0.65,Best,Standard (1.42$ - 2.13$),false,Not Healthy
326,Best Grits,2.47,16104004979,8.87,true,Light weight(<=9.66),0.89,Best,3. Meduim (2.13$ - 2.79$),false,Not Healthy
327,Better Canned Beets,0.6,96490806937,8.6,false,Light weight(<=9.66),0.26,Better,Cheap (<= 1.42$),true,Healthy
328,Better Creamed Corn,1.26,99972024559,11.6,true,Meduim weight(<=17.73),0.44,Better,Cheap (<= 1.42$),false,Not Healthy
329,Better Canned String Beans,1.74,59596592783,10.9,true,Meduim weight(<=17.73),0.64,Better,Standard (1.42$ - 2.13$),true,Healthy
330,Better Chicken Soup,3.98,98413446545,7.47,false,Light weight(<=9.66),1.71,Better,2. HIgh (2.79$ - 4.84$),false,Not Healthy
331,Better Canned Yams,2.83,57990807890,15.9,false,Meduim weight(<=17.73),1.25,Better,2. HIgh (2.79$ - 4.84$),false,Not Healthy
332,Better Vegetable Soup,2.21,66045427918,9.36,false,Light weight(<=9.66),0.86,Better,3. Meduim (2.13$ - 2.79$),false,Not Healthy
333,Better Canned Tomatos,1.32,54145528674,17.9,false,Heavy weight,0.57,Better,Cheap (<= 1.42$),true,Healthy
334,Better Noodle Soup,0.78,31437914967,9,true,Light weight(<=9.66),0.39,Better,Cheap (<= 1.42$),false,Not Healthy
335,Better Regular Ramen Soup,3.74,78775781989,8.73,true,Light weight(<=9.66),1.31,Better,2. HIgh (2.79$ - 4.84$),false,Not Healthy
336,Better Chicken Noodle Soup,1.15,25305934548,13.1,true,Meduim weight(<=17.73),0.36,Better,Cheap (<= 1.42$),false,Not Healthy
337,Better Turkey Noodle Soup,0.75,17979437708,8.34,true,Light weight(<=9.66),0.31,Better,Cheap (<= 1.42$),true,Healthy
338,Better Beef Soup,0.57,23747356534,16.9,true,Meduim weight(<=17.73),0.22,Better,Cheap (<= 1.42$),false,Not Healthy
339,Better Canned Peas,1.4,75658625960,21.3,true,Heavy weight,0.69,Better,Cheap (<= 1.42$),true,Healthy
340,Better Chicken Ramen Soup,0.63,50664311051,16,true,Meduim weight(<=17.73),0.3,Better,Cheap (<= 1.42$),true,Healthy
341,Better Canned Tuna in Water,2.77,60596305727,21.7,false,Heavy weight,1.02,Better,3. Meduim (2.13$ - 2.79$),false,Not Healthy
342,Better Canned Tuna in Oil,1.5,94839757084,14.2,true,Meduim weight(<=17.73),0.5,Better,Standard (1.42$ - 2.13$),true,Healthy
343,Better Large Canned Shrimp,2.3,85226559042,8.55,false,Light weight(<=9.66),0.71,Better,3. Meduim (2.13$ - 2.79$),false,Not Healthy
344,Better Fancy Canned Anchovies,2.28,88707776665,10.5,true,Meduim weight(<=17.73),1.03,Better,3. Meduim (2.13$ - 2.79$),true,Healthy
345,Better Fancy Canned Clams,2.11,24430214762,17.6,true,Meduim weight(<=17.73),0.74,Better,Standard (1.42$ - 2.13$),true,Healthy
346,Better Fancy Canned Oysters,2.12,87149198651,15.6,false,Meduim weight(<=17.73),0.68,Better,Standard (1.42$ - 2.13$),false,Not Healthy
347,Better Fancy Canned Sardines,1.2,16011533141,11.8,false,Meduim weight(<=17.73),0.44,Better,Cheap (<= 1.42$),true,Healthy
348,Better Rice Soup,1.23,24066153168,7.98,true,Light weight(<=9.66),0.46,Better,Cheap (<= 1.42$),false,Not Healthy
349,Swell Canned Mixed Fruit,2.34,65579034686,8.62,false,Light weight(<=9.66),0.98,Swell,3. Meduim (2.13$ - 2.79$),true,Healthy
350,Swell Canned Peaches,1.63,42871420979,15.3,true,Meduim weight(<=17.73),0.59,Swell,Standard (1.42$ - 2.13$),false,Not Healthy
351,ADJ Rosy Sunglasses,2.76,66307157874,19.6,true,Heavy weight,0.86,ADJ,3. Meduim (2.13$ - 2.79$),false,Not Healthy
352,Black Tie Eyeglass Screwdriver,0.67,36739440560,10.6,false,Meduim weight(<=17.73),0.23,Black Tie,Cheap (<= 1.42$),false,Not Healthy
353,Black Tie City Map,1.57,29412943720,8.78,true,Light weight(<=9.66),0.69,Black Tie,Standard (1.42$ - 2.13$),false,Not Healthy
354,Carlson Low Fat Cottage Cheese,2.25,35180862545,9.77,false,Meduim weight(<=17.73),0.72,Carlson,3. Meduim (2.13$ - 2.79$),false,Not Healthy
355,Carlson Low Fat Sour Cream,0.81,87092131972,12.2,false,Meduim weight(<=17.73),0.34,Carlson,Cheap (<= 1.42$),false,Not Healthy
356,Carlson Sour Cream,2.36,62097817063,8.79,true,Light weight(<=9.66),0.83,Carlson,3. Meduim (2.13$ - 2.79$),false,Not Healthy
357,Carlson Jack Cheese,1.8,83246852755,12.2,true,Meduim weight(<=17.73),0.86,Carlson,Standard (1.42$ - 2.13$),true,Healthy
358,Carlson Muenster Cheese,3.75,16273263096,19.3,false,Heavy weight,1.24,Carlson,2. HIgh (2.79$ - 4.84$),false,Not Healthy
359,Carlson String Cheese,1.32,96660065054,20.9,true,Heavy weight,0.41,Carlson,Cheap (<= 1.42$),false,Not Healthy
360,Carlson Low Fat String Cheese,1.31,10141282677,9.8,true,Meduim weight(<=17.73),0.51,Carlson,Cheap (<= 1.42$),true,Healthy
361,Carlson Havarti Cheese,1.13,35863720774,14.1,true,Meduim weight(<=17.73),0.37,Carlson,Cheap (<= 1.42$),false,Not Healthy
362,Carlson Head Cheese,3.97,98582704663,10.8,false,Meduim weight(<=17.73),1.91,Carlson,2. HIgh (2.79$ - 4.84$),false,Not Healthy
363,Carlson Cheese Spread,1.82,27445039153,8.71,true,Light weight(<=9.66),0.67,Carlson,Standard (1.42$ - 2.13$),true,Healthy
364,Carlson Sharp Cheddar Cheese,2.2,35499659180,17.1,false,Meduim weight(<=17.73),1.08,Carlson,3. Meduim (2.13$ - 2.79$),false,Not Healthy
365,Carlson Mild Cheddar Cheese,3.96,23599759936,11.9,true,Meduim weight(<=17.73),1.47,Carlson,2. HIgh (2.79$ - 4.84$),false,Not Healthy
366,Carlson Large Curd Cottage Cheese,2.36,90892146229,19.6,true,Heavy weight,0.9,Carlson,3. Meduim (2.13$ - 2.79$),false,Not Healthy
367,Carlson 2% Milk,3.49,55306581854,11.6,true,Meduim weight(<=17.73),1.22,Carlson,2. HIgh (2.79$ - 4.84$),false,Not Healthy
368,Carlson Buttermilk,1.14,91836734414,14.4,false,Meduim weight(<=17.73),0.39,Carlson,Cheap (<= 1.42$),false,Not Healthy
369,Carlson Chocolate Milk,2.3,18412367701,19.4,false,Heavy weight,0.87,Carlson,3. Meduim (2.13$ - 2.79$),false,Not Healthy
370,Carlson 1% Milk,0.92,24180286526,6.63,true,Light weight(<=9.66),0.36,Carlson,Cheap (<= 1.42$),false,Not Healthy
371,Carlson Whole Milk,0.66,76091555953,9.78,true,Meduim weight(<=17.73),0.31,Carlson,Cheap (<= 1.42$),false,Not Healthy
372,Carlson Strawberry Yogurt,3.98,51097241044,14.8,false,Meduim weight(<=17.73),1.71,Carlson,2. HIgh (2.79$ - 4.84$),false,Not Healthy
373,Carlson Blueberry Yogurt,2.76,72246276736,11.9,true,Meduim weight(<=17.73),0.99,Carlson,3. Meduim (2.13$ - 2.79$),true,Healthy
374,Moms Chicken Hot Dogs,1.49,16489728093,11.3,true,Meduim weight(<=17.73),0.54,Moms,Standard (1.42$ - 2.13$),false,Not Healthy
375,Moms Pimento Loaf,2.29,96876530051,18.4,true,Heavy weight,0.89,Moms,3. Meduim (2.13$ - 2.79$),false,Not Healthy
376,Moms Beef Bologna,2.27,64974904656,12.3,false,Meduim weight(<=17.73),0.89,Moms,3. Meduim (2.13$ - 2.79$),true,Healthy
377,Moms Low Fat Bologna,2.1,24599472880,18,false,Heavy weight,0.71,Moms,Standard (1.42$ - 2.13$),false,Not Healthy
378,Moms Turkey Hot Dogs,1.11,87318456768,17.3,true,Meduim weight(<=17.73),0.42,Moms,Cheap (<= 1.42$),true,Healthy
379,Moms Foot-Long Hot Dogs,3.85,82278661131,16.2,true,Meduim weight(<=17.73),1.89,Moms,2. HIgh (2.79$ - 4.84$),false,Not Healthy
380,Moms Low Fat Cole Slaw,1.22,24235411286,21.4,true,Heavy weight,0.52,Moms,Cheap (<= 1.42$),true,Healthy
381,Moms Cole Slaw,2.33,78433381915,10.3,true,Meduim weight(<=17.73),1,Moms,3. Meduim (2.13$ - 2.79$),true,Healthy
382,Moms Roasted Chicken,1.62,79627898335,10.2,true,Meduim weight(<=17.73),0.73,Moms,Standard (1.42$ - 2.13$),true,Healthy
383,Moms Corned Beef,2.75,13063635230,13.2,true,Meduim weight(<=17.73),1.1,Moms,3. Meduim (2.13$ - 2.79$),true,Healthy
384,Moms Sliced Turkey,0.54,49593787789,14.7,true,Meduim weight(<=17.73),0.25,Moms,Cheap (<= 1.42$),true,Healthy
385,Moms Sliced Ham,1.56,31050249934,11.3,false,Meduim weight(<=17.73),0.61,Moms,Standard (1.42$ - 2.13$),false,Not Healthy
386,Moms Potato Salad,2.23,36818168759,16.9,true,Meduim weight(<=17.73),0.85,Moms,3. Meduim (2.13$ - 2.79$),true,Healthy
387,Moms Sliced Chicken,2.41,88729438185,17.7,true,Meduim weight(<=17.73),0.82,Moms,3. Meduim (2.13$ - 2.79$),false,Not Healthy
388,Urban Small Brown Eggs,2.35,63735123276,19.3,true,Heavy weight,0.87,Urban,3. Meduim (2.13$ - 2.79$),true,Healthy
389,Urban Large Brown Eggs,1.79,84884158968,14.1,false,Meduim weight(<=17.73),0.86,Urban,Standard (1.42$ - 2.13$),false,Not Healthy
390,Urban Small Eggs,3.74,29127610325,10.3,true,Meduim weight(<=17.73),1.72,Urban,2. HIgh (2.79$ - 4.84$),false,Not Healthy
391,Urban Large Eggs,1.31,19514412283,9.21,false,Light weight(<=9.66),0.46,Urban,Cheap (<= 1.42$),false,Not Healthy
392,Urban Egg Substitute,1.3,89093499779,13,false,Meduim weight(<=17.73),0.44,Urban,Cheap (<= 1.42$),true,Healthy
393,Big Time Low Fat Waffles,1.12,48718068003,21.5,true,Heavy weight,0.36,Big Time,Cheap (<= 1.42$),false,Not Healthy
394,Big Time Orange Popsicles,3.13,76317880749,10.4,true,Meduim weight(<=17.73),1.13,Big Time,2. HIgh (2.79$ - 4.84$),false,Not Healthy
395,Big Time Frozen Chicken Breast,2.22,71278085112,8.3,true,Light weight(<=9.66),1,Big Time,3. Meduim (2.13$ - 2.79$),false,Not Healthy
396,Big Time Frozen Pancakes,3.24,13234835267,16.3,true,Meduim weight(<=17.73),1.17,Big Time,2. HIgh (2.79$ - 4.84$),false,Not Healthy
397,Big Time Low Fat French Fries,1.35,67432805895,12,false,Meduim weight(<=17.73),0.46,Big Time,Cheap (<= 1.42$),false,Not Healthy
398,Big Time Frozen Sausage Pizza,0.8,68627322316,15.5,true,Meduim weight(<=17.73),0.35,Big Time,Cheap (<= 1.42$),true,Healthy
399,Big Time Blueberry Waffles,0.87,92063059210,10.2,false,Meduim weight(<=17.73),0.37,Big Time,Cheap (<= 1.42$),false,Not Healthy
400,Big Time Fajita French Fries,1.43,38593211770,9.57,true,Light weight(<=9.66),0.47,Big Time,Standard (1.42$ - 2.13$),false,Not Healthy
401,Big Time Waffles,0.7,55168845057,13.9,false,Meduim weight(<=17.73),0.26,Big Time,Cheap (<= 1.42$),false,Not Healthy
402,Big Time Frozen Pepperoni Pizza,1.13,60936763882,9.16,true,Light weight(<=9.66),0.38,Big Time,Cheap (<= 1.42$),true,Healthy
403,Big Time Frozen Cheese Pizza,1.55,77728862166,13.6,true,Meduim weight(<=17.73),0.48,Big Time,Standard (1.42$ - 2.13$),true,Healthy
404,Big Time Frozen Mushroom Pizza,1.25,52734547257,6.98,true,Light weight(<=9.66),0.39,Big Time,Cheap (<= 1.42$),false,Not Healthy
405,Big Time Apple Cinnamon Waffles,3.69,73883582949,19.6,false,Heavy weight,1.22,Big Time,2. HIgh (2.79$ - 4.84$),false,Not Healthy
406,Big Time Frozen Carrots,1.64,18127034306,20.7,false,Heavy weight,0.8,Big Time,Standard (1.42$ - 2.13$),false,Not Healthy
407,Big Time Turkey TV Dinner,3.21,98513836264,6.35,false,Light weight(<=9.66),1.51,Big Time,2. HIgh (2.79$ - 4.84$),true,Healthy
408,Big Time Chicken TV Dinner,2.2,78092923760,15.7,true,Meduim weight(<=17.73),1.06,Big Time,3. Meduim (2.13$ - 2.79$),true,Healthy
409,Big Time Beef TV Dinner,3.91,37717491984,10.9,true,Meduim weight(<=17.73),1.64,Big Time,2. HIgh (2.79$ - 4.84$),true,Healthy
410,Big Time Pancake Mix,1.26,10436475872,19.8,false,Heavy weight,0.53,Big Time,Cheap (<= 1.42$),true,Healthy
411,Big Time Grape Popsicles,0.51,95396680235,8.25,true,Light weight(<=9.66),0.26,Big Time,Cheap (<= 1.42$),true,Healthy
412,Big Time Home Style French Fries,1.38,91970587372,18.9,true,Heavy weight,0.54,Big Time,Cheap (<= 1.42$),true,Healthy
413,Big Time Lime Popsicles,2.25,56168558001,18.4,true,Heavy weight,0.88,Big Time,3. Meduim (2.13$ - 2.79$),false,Not Healthy
414,Big Time Ice Cream,2.77,33460944294,19.9,true,Heavy weight,0.89,Big Time,3. Meduim (2.13$ - 2.79$),true,Healthy
415,Big Time Ice Cream Sandwich,2.91,80798811316,17.4,true,Meduim weight(<=17.73),1.25,Big Time,2. HIgh (2.79$ - 4.84$),true,Healthy
416,Big Time Frozen Cauliflower,3.32,27328963875,7.2,true,Light weight(<=9.66),1.33,Big Time,2. HIgh (2.79$ - 4.84$),false,Not Healthy
417,Big Time Frozen Broccoli,2.72,20002467036,14.2,true,Meduim weight(<=17.73),1.2,Big Time,3. Meduim (2.13$ - 2.79$),false,Not Healthy
418,Big Time Frozen Corn,3.16,25770385861,13.2,true,Meduim weight(<=17.73),1.49,Big Time,2. HIgh (2.79$ - 4.84$),false,Not Healthy
419,Big Time Frozen Peas,3.57,11583785414,8.5,false,Light weight(<=9.66),1.29,Big Time,2. HIgh (2.79$ - 4.84$),false,Not Healthy
420,Big Time Popsicles,2.27,41470299363,20.6,true,Heavy weight,0.77,Big Time,3. Meduim (2.13$ - 2.79$),true,Healthy
421,Big Time Frozen Chicken Thighs,2.95,62619335055,6.19,true,Light weight(<=9.66),1.39,Big Time,2. HIgh (2.79$ - 4.84$),false,Not Healthy
422,Big Time Frozen Chicken Wings,3.67,72960656285,7.87,false,Light weight(<=9.66),1.25,Big Time,2. HIgh (2.79$ - 4.84$),true,Healthy
423,Big Time Lemon Popsicles,1.47,63347458243,17.2,false,Meduim weight(<=17.73),0.71,Big Time,Standard (1.42$ - 2.13$),true,Healthy
424,Steady Silky Smooth Hair Conditioner,1.45,66828675866,9.65,true,Light weight(<=9.66),0.49,Steady,Standard (1.42$ - 2.13$),false,Not Healthy
425,Steady Tartar Control Toothpaste,1.28,26453244090,9.18,false,Light weight(<=9.66),0.42,Steady,Cheap (<= 1.42$),false,Not Healthy
426,Steady Whitening Toothpast,0.6,65270097851,11.5,false,Meduim weight(<=17.73),0.26,Steady,Cheap (<= 1.42$),false,Not Healthy
427,Steady Toothpaste,2.14,84132432341,8.89,false,Light weight(<=9.66),0.79,Steady,3. Meduim (2.13$ - 2.79$),false,Not Healthy
428,Steady Deodorant,0.67,26089182496,8.43,false,Light weight(<=9.66),0.24,Steady,Cheap (<= 1.42$),false,Not Healthy
429,Steady Conditioning Shampoo,1.51,67602064013,12,true,Meduim weight(<=17.73),0.48,Steady,Standard (1.42$ - 2.13$),false,Not Healthy
430,Steady Extra Moisture Shampoo,1.8,44894450306,11.5,true,Meduim weight(<=17.73),0.72,Steady,Standard (1.42$ - 2.13$),false,Not Healthy
431,Steady Angled Toothbrush,0.96,92232317328,19.9,false,Heavy weight,0.38,Steady,Cheap (<= 1.42$),false,Not Healthy
432,Steady Apricot Shampoo,2.35,38762469887,11.3,false,Meduim weight(<=17.73),1.13,Steady,3. Meduim (2.13$ - 2.79$),false,Not Healthy
433,Steady Childrens Aspirin,1.74,31435973048,10.8,true,Meduim weight(<=17.73),0.54,Steady,Standard (1.42$ - 2.13$),false,Not Healthy
434,Steady Buffered Aspirin,1.42,37203891873,19.1,false,Heavy weight,0.44,Steady,Cheap (<= 1.42$),false,Not Healthy
435,Steady 200 MG Ibuprofen,2.83,23017291426,11.8,true,Meduim weight(<=17.73),1.33,Steady,2. HIgh (2.79$ - 4.84$),false,Not Healthy
436,Steady 200 MG Acetominifen,1.53,64120846390,6.32,false,Light weight(<=9.66),0.63,Steady,Standard (1.42$ - 2.13$),false,Not Healthy
437,Steady HCL Nasal Spray,1.97,19172012209,19.9,false,Heavy weight,0.93,Steady,Standard (1.42$ - 2.13$),false,Not Healthy
438,Steady Dishwasher Detergent,1.93,84394162297,19.5,true,Heavy weight,0.97,Steady,Standard (1.42$ - 2.13$),false,Not Healthy
439,Steady Multi-Symptom Cold Remedy,3.5,74780964255,21.8,true,Heavy weight,1.72,Steady,2. HIgh (2.79$ - 4.84$),false,Not Healthy
440,Steady Childrens Cold Remedy,0.67,78262181878,19.2,true,Heavy weight,0.32,Steady,Cheap (<= 1.42$),false,Not Healthy
441,Steady Laundry Detergent,0.57,37886750102,13.7,true,Meduim weight(<=17.73),0.26,Steady,Cheap (<= 1.42$),false,Not Healthy
442,Steady Mint Mouthwash,2.24,76703603863,21.1,false,Heavy weight,1.08,Steady,3. Meduim (2.13$ - 2.79$),false,Not Healthy
443,Red Wing 60 Watt Lightbulb,1.33,95565938353,20.6,true,Heavy weight,0.48,Red Wing,Cheap (<= 1.42$),false,Not Healthy
444,Red Wing Plastic Forks,2.59,13620558381,20.1,false,Heavy weight,1.04,Red Wing,3. Meduim (2.13$ - 2.79$),false,Not Healthy
445,Red Wing Plastic Spoons,3.46,91720659136,16.5,true,Meduim weight(<=17.73),1.18,Red Wing,2. HIgh (2.79$ - 4.84$),false,Not Healthy
446,Red Wing Plastic Knives,3.75,69013045430,11,false,Meduim weight(<=17.73),1.58,Red Wing,2. HIgh (2.79$ - 4.84$),false,Not Healthy
447,Red Wing C-Size Batteries,2.88,81231741309,19.4,true,Heavy weight,1.01,Red Wing,2. HIgh (2.79$ - 4.84$),false,Not Healthy
448,Red Wing 100 Watt Lightbulb,1.54,27761893868,15.8,false,Meduim weight(<=17.73),0.74,Red Wing,Standard (1.42$ - 2.13$),false,Not Healthy
449,Red Wing AAA-Size Batteries,3.69,20435397028,10.3,true,Meduim weight(<=17.73),1.73,Red Wing,2. HIgh (2.79$ - 4.84$),false,Not Healthy
450,Red Wing Paper Plates,3.37,26203315854,18.9,false,Heavy weight,1.55,Red Wing,2. HIgh (2.79$ - 4.84$),false,Not Healthy
451,Red Wing Paper Cups,1.78,78114585280,13.4,true,Meduim weight(<=17.73),0.85,Red Wing,Standard (1.42$ - 2.13$),false,Not Healthy
452,Red Wing 75 Watt Lightbulb,2.48,53120270371,11.1,false,Meduim weight(<=17.73),0.94,Red Wing,3. Meduim (2.13$ - 2.79$),false,Not Healthy
453,Red Wing Toilet Bowl Cleaner,2.92,74269306063,19.4,true,Heavy weight,1.05,Red Wing,2. HIgh (2.79$ - 4.84$),false,Not Healthy
454,Red Wing Counter Cleaner,0.93,18512757420,14,false,Meduim weight(<=17.73),0.42,Red Wing,Cheap (<= 1.42$),false,Not Healthy
455,Red Wing Glass Cleaner,1.68,64571403861,10.4,true,Meduim weight(<=17.73),0.66,Red Wing,Standard (1.42$ - 2.13$),false,Not Healthy
456,Red Wing 25 Watt Lightbulb,2.67,68052621483,13.7,true,Meduim weight(<=17.73),0.8,Red Wing,3. Meduim (2.13$ - 2.79$),false,Not Healthy
457,Red Wing AA-Size Batteries,2.26,27677189707,13.2,true,Meduim weight(<=17.73),0.99,Red Wing,3. Meduim (2.13$ - 2.79$),false,Not Healthy
458,Red Wing D-Size Batteries,1.5,66494043469,16.8,true,Meduim weight(<=17.73),0.47,Red Wing,Standard (1.42$ - 2.13$),false,Not Healthy
459,Red Wing Paper Towels,0.64,85356377959,16.4,false,Meduim weight(<=17.73),0.23,Red Wing,Cheap (<= 1.42$),false,Not Healthy
460,Red Wing Soft Napkins,1.61,93410997986,13.7,true,Meduim weight(<=17.73),0.71,Red Wing,Standard (1.42$ - 2.13$),false,Not Healthy
461,Red Wing Scented Tissue,2.72,81511098742,16.1,false,Meduim weight(<=17.73),1.01,Red Wing,3. Meduim (2.13$ - 2.79$),false,Not Healthy
462,Red Wing Toilet Paper,2.12,58803485035,15.6,true,Meduim weight(<=17.73),0.78,Red Wing,Standard (1.42$ - 2.13$),false,Not Healthy
463,Red Wing Tissues,1.25,16141352057,8.28,true,Light weight(<=9.66),0.51,Red Wing,Cheap (<= 1.42$),false,Not Healthy
464,Red Wing Scented Toilet Tissue,3.56,41454463601,15.6,true,Meduim weight(<=17.73),1.74,Red Wing,2. HIgh (2.79$ - 4.84$),false,Not Healthy
465,Red Wing Room Freshener,2.95,34127966761,15.2,false,Meduim weight(<=17.73),1.27,Red Wing,2. HIgh (2.79$ - 4.84$),false,Not Healthy
466,Red Wing Frying Pan,2.63,39895885586,8.79,false,Light weight(<=9.66),1.26,Red Wing,3. Meduim (2.13$ - 2.79$),false,Not Healthy
467,Red Wing Copper Cleaner,3.81,91807155013,8.33,true,Light weight(<=9.66),1.49,Red Wing,2. HIgh (2.79$ - 4.84$),false,Not Healthy
468,Red Wing Bees Wax Candles,1.74,66812840104,10.6,true,Meduim weight(<=17.73),0.7,Red Wing,Standard (1.42$ - 2.13$),false,Not Healthy
469,Red Wing Silver Cleaner,1.29,87961875796,8.03,true,Light weight(<=9.66),0.58,Red Wing,Cheap (<= 1.42$),false,Not Healthy
470,Red Wing Copper Pot Scrubber,2.9,32205327153,7.57,true,Light weight(<=9.66),1.04,Red Wing,2. HIgh (2.79$ - 4.84$),false,Not Healthy
471,Red Wing Economy Toilet Brush,0.83,22592129111,9.93,false,Meduim weight(<=17.73),0.3,Red Wing,Cheap (<= 1.42$),false,Not Healthy
472,Red Wing Scissors,0.82,57052045464,9.47,true,Light weight(<=9.66),0.37,Red Wing,Cheap (<= 1.42$),false,Not Healthy
473,Red Wing Large Sponge,0.73,82774483561,14,false,Meduim weight(<=17.73),0.27,Red Wing,Cheap (<= 1.42$),false,Not Healthy
474,Red Wing Screw Driver,3.52,55493467450,21.3,true,Heavy weight,1.58,Red Wing,2. HIgh (2.79$ - 4.84$),false,Not Healthy
475,Quick Extra Lean Hamburger,2.61,74355801939,20.9,true,Heavy weight,0.84,Quick,3. Meduim (2.13$ - 2.79$),false,Not Healthy
476,Quick Seasoned Hamburger,3.64,82410421967,15.6,true,Meduim weight(<=17.73),1.13,Quick,2. HIgh (2.79$ - 4.84$),false,Not Healthy
477,Dollar Monthly Sports Magazine,0.86,70510522723,19.1,true,Heavy weight,0.3,Dollar,Cheap (<= 1.42$),false,Not Healthy
478,Dollar Monthly Auto Magazine,2.91,47802909016,10.8,false,Meduim weight(<=17.73),1.25,Dollar,2. HIgh (2.79$ - 4.84$),false,Not Healthy
479,Dollar Monthly Computer Magazine,2.15,71238645911,16.4,true,Meduim weight(<=17.73),1.05,Dollar,3. Meduim (2.13$ - 2.79$),false,Not Healthy
480,Dollar Monthly Home Magazine,1.69,41670928597,13.2,false,Meduim weight(<=17.73),0.76,Dollar,Standard (1.42$ - 2.13$),false,Not Healthy
481,Dollar Monthly Fashion Magazine,2.85,23127390742,14.1,true,Meduim weight(<=17.73),1.34,Dollar,2. HIgh (2.79$ - 4.84$),false,Not Healthy
482,Tell Tale Summer Squash,0.73,28895309567,18.7,false,Heavy weight,0.36,Tell Tale,Cheap (<= 1.42$),true,Healthy
483,Tell Tale Corn on the Cob,1.94,80806578993,13,true,Meduim weight(<=17.73),0.68,Tell Tale,Standard (1.42$ - 2.13$),false,Not Healthy
484,Tell Tale Asparagus,3.64,55812264084,8.35,false,Light weight(<=9.66),1.82,Tell Tale,2. HIgh (2.79$ - 4.84$),true,Healthy
485,Tell Tale Sweet Peas,2.19,76961299777,14.5,false,Meduim weight(<=17.73),0.83,Tell Tale,3. Meduim (2.13$ - 2.79$),true,Healthy
486,Tell Tale New Potatos,1.14,21204751133,14.8,true,Meduim weight(<=17.73),0.51,Tell Tale,Cheap (<= 1.42$),true,Healthy
487,Tell Tale Beets,2.6,11591553092,9.09,false,Light weight(<=9.66),1.17,Tell Tale,3. Meduim (2.13$ - 2.79$),true,Healthy
488,Tell Tale Prepared Salad,2.59,15072770714,9.77,true,Meduim weight(<=17.73),1.3,Tell Tale,3. Meduim (2.13$ - 2.79$),true,Healthy
489,Tell Tale Onions,2.41,40795208811,16.4,true,Meduim weight(<=17.73),1.06,Tell Tale,3. Meduim (2.13$ - 2.79$),true,Healthy
490,Tell Tale Green Pepper,1.65,44229219555,13.4,false,Meduim weight(<=17.73),0.54,Tell Tale,Standard (1.42$ - 2.13$),true,Healthy
491,Tell Tale Shitake Mushrooms,3.51,63091554045,19.6,true,Heavy weight,1.47,Tell Tale,2. HIgh (2.79$ - 4.84$),false,Not Healthy
492,Tell Tale Lettuce,1.77,71146174073,20.3,false,Heavy weight,0.58,Tell Tale,Standard (1.42$ - 2.13$),false,Not Healthy
493,Tell Tale Elephant Garlic,2.64,59246274828,7.43,true,Light weight(<=9.66),0.9,Tell Tale,3. Meduim (2.13$ - 2.79$),false,Not Healthy
494,Tell Tale Red Pepper,1.93,36538661122,9.02,true,Light weight(<=9.66),0.81,Tell Tale,Standard (1.42$ - 2.13$),false,Not Healthy
495,Tell Tale Garlic,1.17,59974398016,9.22,true,Light weight(<=9.66),0.48,Tell Tale,Cheap (<= 1.42$),false,Not Healthy
496,Tell Tale Potatos,0.84,96504550576,11.2,false,Meduim weight(<=17.73),0.31,Tell Tale,Cheap (<= 1.42$),false,Not Healthy
497,Tell Tale Cauliflower,1.87,23080183863,14.7,true,Meduim weight(<=17.73),0.64,Tell Tale,Standard (1.42$ - 2.13$),false,Not Healthy
498,Tell Tale Tomatos,2.55,28848102688,11.9,true,Meduim weight(<=17.73),1.22,Tell Tale,3. Meduim (2.13$ - 2.79$),true,Healthy
499,Tell Tale Mushrooms,2.96,69542331099,13.9,true,Meduim weight(<=17.73),1.42,Tell Tale,2. HIgh (2.79$ - 4.84$),false,Not Healthy
500,Tell Tale Baby Onion,2.66,44548016190,17,false,Meduim weight(<=17.73),1.28,Tell Tale,3. Meduim (2.13$ - 2.79$),true,Healthy
501,Tell Tale Dried Mushrooms,1.45,65697051882,17.1,true,Meduim weight(<=17.73),0.7,Tell Tale,Standard (1.42$ - 2.13$),true,Healthy
502,Tell Tale Fresh Lima Beans,3.17,99940503239,20.1,true,Heavy weight,1.24,Tell Tale,2. HIgh (2.79$ - 4.84$),false,Not Healthy
503,Tell Tale Squash,1.86,90327305197,21.2,false,Heavy weight,0.89,Tell Tale,Standard (1.42$ - 2.13$),true,Healthy
504,Tell Tale Limes,1.84,69906392693,13.6,true,Meduim weight(<=17.73),0.77,Tell Tale,Standard (1.42$ - 2.13$),true,Healthy
505,Tell Tale Firm Tofu,1.67,29530960917,18.1,false,Heavy weight,0.8,Tell Tale,Standard (1.42$ - 2.13$),false,Not Healthy
506,Tell Tale Almonds,3.68,92249944806,11.5,true,Meduim weight(<=17.73),1.14,Tell Tale,2. HIgh (2.79$ - 4.84$),false,Not Healthy
507,Tell Tale Macintosh Apples,2.53,87210149168,20.4,true,Heavy weight,1.04,Tell Tale,3. Meduim (2.13$ - 2.79$),false,Not Healthy
508,Tell Tale Golden Delcious Apples,3.79,82579680085,13.9,true,Meduim weight(<=17.73),1.36,Tell Tale,2. HIgh (2.79$ - 4.84$),true,Healthy
509,Tell Tale Red Delcious Apples,1.9,46777650713,20.9,true,Heavy weight,0.67,Tell Tale,Standard (1.42$ - 2.13$),false,Not Healthy
510,Tell Tale Lemons,0.61,47972167134,9.33,true,Light weight(<=9.66),0.27,Tell Tale,Cheap (<= 1.42$),false,Not Healthy
511,Tell Tale Fancy Plums,0.68,71407904028,21,false,Heavy weight,0.34,Tell Tale,Cheap (<= 1.42$),true,Healthy
512,Tell Tale Plums,2.74,17938056588,9.85,false,Meduim weight(<=17.73),1.26,Tell Tale,3. Meduim (2.13$ - 2.79$),false,Not Healthy
513,Tell Tale Peaches,0.58,34513689875,11,true,Meduim weight(<=17.73),0.28,Tell Tale,Cheap (<= 1.42$),false,Not Healthy
514,Tell Tale Broccoli,1.81,40281608700,20.9,true,Heavy weight,0.65,Tell Tale,Standard (1.42$ - 2.13$),true,Healthy
515,Tell Tale Mandarin Oranges,1.91,92192878127,20.7,false,Heavy weight,0.9,Tell Tale,Standard (1.42$ - 2.13$),true,Healthy
516,Tell Tale Mixed Nuts,1.85,67198563218,21.8,true,Heavy weight,0.63,Tell Tale,Standard (1.42$ - 2.13$),false,Not Healthy
517,Tell Tale Canned Peanuts,3.4,77130557894,7.87,false,Light weight(<=9.66),1.63,Tell Tale,2. HIgh (2.79$ - 4.84$),false,Not Healthy
518,Tell Tale Sweet Onion,1.36,21374009251,13.5,false,Meduim weight(<=17.73),0.68,Tell Tale,Cheap (<= 1.42$),true,Healthy
519,Tell Tale Cantelope,3.82,11760811209,17.1,true,Meduim weight(<=17.73),1.8,Tell Tale,2. HIgh (2.79$ - 4.84$),false,Not Healthy
520,Tell Tale Honey Dew,2.8,81339898705,7.28,true,Light weight(<=9.66),1.34,Tell Tale,2. HIgh (2.79$ - 4.84$),false,Not Healthy
521,Tell Tale Fuji Apples,3.63,40964466929,8.48,true,Light weight(<=9.66),1.52,Tell Tale,2. HIgh (2.79$ - 4.84$),false,Not Healthy
522,Tell Tale Walnuts,1.63,13683450818,15.6,true,Meduim weight(<=17.73),0.57,Tell Tale,Standard (1.42$ - 2.13$),true,Healthy
523,Tell Tale Oranges,1.72,98643655180,11.3,false,Meduim weight(<=17.73),0.71,Tell Tale,Standard (1.42$ - 2.13$),true,Healthy
524,Tell Tale Tangerines,1.74,40600405335,13.8,false,Meduim weight(<=17.73),0.87,Tell Tale,Standard (1.42$ - 2.13$),false,Not Healthy
525,Tell Tale Party Nuts,2.85,94798375964,11.3,false,Meduim weight(<=17.73),0.88,Tell Tale,2. HIgh (2.79$ - 4.84$),true,Healthy
526,Kiwi Lox,2.25,36971591114,18.4,true,Heavy weight,1.08,Kiwi,3. Meduim (2.13$ - 2.79$),true,Healthy
527,Kiwi Scallops,2.38,60407328009,11.9,false,Meduim weight(<=17.73),0.79,Kiwi,3. Meduim (2.13$ - 2.79$),false,Not Healthy
528,Fast Low Fat Cookies,0.96,96937480568,6.59,true,Light weight(<=9.66),0.31,Fast,Cheap (<= 1.42$),true,Healthy
529,Fast BBQ Potato Chips,2.19,23513113856,17.7,false,Meduim weight(<=17.73),0.9,Fast,3. Meduim (2.13$ - 2.79$),true,Healthy
530,Fast Corn Chips,3.76,29281032681,9.41,true,Light weight(<=9.66),1.58,Fast,2. HIgh (2.79$ - 4.84$),false,Not Healthy
531,Fast Low Fat BBQ Chips,0.6,81192302107,16.9,false,Meduim weight(<=17.73),0.22,Fast,Cheap (<= 1.42$),true,Healthy
532,Fast Sugar Cookies,3.87,56197987198,21.7,true,Heavy weight,1.39,Fast,2. HIgh (2.79$ - 4.84$),false,Not Healthy
533,Fast Chocolate Chip Cookies,2.42,77347022891,20.1,false,Heavy weight,0.82,Fast,3. Meduim (2.13$ - 2.79$),false,Not Healthy
534,Fast Fudge Cookies,3.38,21590474247,12.6,false,Meduim weight(<=17.73),1.45,Fast,2. HIgh (2.79$ - 4.84$),true,Healthy
535,Fast Fudge Brownies,2.84,90496563315,7.92,true,Light weight(<=9.66),0.99,Fast,2. HIgh (2.79$ - 4.84$),true,Healthy
536,Fast Potato Chips,1.82,70075650811,21.8,true,Heavy weight,0.66,Fast,Standard (1.42$ - 2.13$),false,Not Healthy
537,Fast Lemon Cookies,2.65,29700219035,20.7,true,Heavy weight,0.87,Fast,3. Meduim (2.13$ - 2.79$),false,Not Healthy
538,Fast Graham Crackers,0.93,92419202923,20.9,true,Heavy weight,0.39,Fast,Cheap (<= 1.42$),true,Healthy
539,Fast Cheese Crackers,3.74,87379407286,8.42,true,Light weight(<=9.66),1.35,Fast,2. HIgh (2.79$ - 4.84$),false,Not Healthy
540,Fast Buttered Popcorn,0.51,29336157441,12.3,true,Meduim weight(<=17.73),0.22,Fast,Cheap (<= 1.42$),true,Healthy
541,Fast No Salt Popcorn,1.88,83534128069,13,true,Meduim weight(<=17.73),0.7,Fast,Standard (1.42$ - 2.13$),false,Not Healthy
542,Fast Low Fat Popcorn,1.51,60826514363,6.84,false,Light weight(<=9.66),0.74,Fast,Standard (1.42$ - 2.13$),true,Healthy
543,Fast Salsa Dip,1.64,18164381384,8.05,false,Light weight(<=9.66),0.72,Fast,Standard (1.42$ - 2.13$),false,Not Healthy
544,Fast Avocado Dip,2.95,85673232674,16.1,true,Meduim weight(<=17.73),0.89,Fast,2. HIgh (2.79$ - 4.84$),false,Not Healthy
545,Fast Salted Pretzels,1.45,78346735835,19.1,true,Heavy weight,0.55,Fast,Standard (1.42$ - 2.13$),true,Healthy
546,Fast Cheese Dip,2.78,84114654660,14.7,false,Meduim weight(<=17.73),1,Fast,3. Meduim (2.13$ - 2.79$),false,Not Healthy
547,Fast Fondue Mix,2.31,69928054213,9.02,true,Light weight(<=9.66),0.79,Fast,3. Meduim (2.13$ - 2.79$),false,Not Healthy
548,Fast Mini Donuts,2.9,44933739304,8.39,true,Light weight(<=9.66),1.22,Fast,2. HIgh (2.79$ - 4.84$),true,Healthy
549,Fast Beef Jerky,1.68,66082774996,10.5,true,Meduim weight(<=17.73),0.76,Fast,Standard (1.42$ - 2.13$),false,Not Healthy
550,Fast Chocolate Donuts,2.4,76424096226,10.7,false,Meduim weight(<=17.73),0.77,Fast,3. Meduim (2.13$ - 2.79$),false,Not Healthy
551,Fast Low Fat Chips,3.21,66810898184,7.87,true,Light weight(<=9.66),1.12,Fast,2. HIgh (2.79$ - 4.84$),false,Not Healthy
552,Fast Sesame Crackers,0.55,70292115807,18.6,true,Heavy weight,0.24,Fast,Cheap (<= 1.42$),true,Healthy
553,Fast Frosted Cookies,1.91,18699643015,7.41,false,Light weight(<=9.66),0.84,Fast,Standard (1.42$ - 2.13$),false,Not Healthy
554,Fast Dried Apples,3.14,57516496777,13.1,true,Meduim weight(<=17.73),1.54,Fast,2. HIgh (2.79$ - 4.84$),false,Not Healthy
555,Fast Apple Fruit Roll,2.88,76378831267,19.3,true,Heavy weight,1.27,Fast,2. HIgh (2.79$ - 4.84$),false,Not Healthy
556,Fast Strawberry Fruit Roll,3.25,18335581421,11.3,true,Meduim weight(<=17.73),1.27,Fast,2. HIgh (2.79$ - 4.84$),false,Not Healthy
557,Fast Raspberry Fruit Roll,1.36,72533552050,18.4,false,Heavy weight,0.61,Fast,Cheap (<= 1.42$),false,Not Healthy
558,Fast Grape Fruit Roll,0.8,49825938344,15,false,Meduim weight(<=17.73),0.38,Fast,Cheap (<= 1.42$),true,Healthy
559,Fast Dried Dates,3.78,97163805365,19.9,false,Heavy weight,1.4,Fast,2. HIgh (2.79$ - 4.84$),true,Healthy
560,Fast Raisins,1.2,43693957924,15,false,Meduim weight(<=17.73),0.58,Fast,Cheap (<= 1.42$),true,Healthy
561,Fast Golden Raisins,0.77,36367461085,15.7,true,Meduim weight(<=17.73),0.31,Fast,Cheap (<= 1.42$),true,Healthy
562,Fast Dried Apricots,0.59,42135379910,17.8,false,Heavy weight,0.24,Fast,Cheap (<= 1.42$),false,Not Healthy
563,Fast Frosted Donuts,1.68,58927478194,19.9,false,Heavy weight,0.66,Fast,Standard (1.42$ - 2.13$),true,Healthy
564,Atomic Tasty Candy Bar,0.66,10031033158,17.9,true,Heavy weight,0.3,Atomic,Cheap (<= 1.42$),true,Healthy
565,Atomic Mint Chocolate Bar,0.9,55082198977,10.9,true,Meduim weight(<=17.73),0.38,Atomic,Cheap (<= 1.42$),false,Not Healthy
566,Atomic Malted Milk Balls,1.78,65423520207,13.9,false,Meduim weight(<=17.73),0.73,Atomic,Standard (1.42$ - 2.13$),false,Not Healthy
567,Atomic Semi-Sweet Chocolate Bar,2.35,55810322165,15.9,true,Meduim weight(<=17.73),1.18,Atomic,3. Meduim (2.13$ - 2.79$),true,Healthy
568,Atomic Bubble Gum,3.33,59291539788,11.2,false,Meduim weight(<=17.73),1.23,Atomic,2. HIgh (2.79$ - 4.84$),true,Healthy
569,Atomic Spicy Mints,3.16,18916108012,7.79,true,Light weight(<=9.66),1.58,Atomic,2. HIgh (2.79$ - 4.84$),true,Healthy
570,Atomic Mints,2.16,57732961773,17.5,false,Meduim weight(<=17.73),0.91,Atomic,3. Meduim (2.13$ - 2.79$),true,Healthy
571,Atomic White Chocolate Bar,1.25,65114583373,10.4,false,Meduim weight(<=17.73),0.49,Atomic,Cheap (<= 1.42$),false,Not Healthy
572,Shady Lake Ravioli,2.51,73169203400,8.94,false,Light weight(<=9.66),1.08,Shady Lake,3. Meduim (2.13$ - 2.79$),false,Not Healthy
573,Shady Lake Manicotti,3.39,61269304156,19.7,true,Heavy weight,1.39,Shady Lake,2. HIgh (2.79$ - 4.84$),true,Healthy
574,Shady Lake Spaghetti,2.67,38561690449,19,true,Heavy weight,1.15,Shady Lake,3. Meduim (2.13$ - 2.79$),false,Not Healthy
575,Shady Lake Thai Rice,2.81,85899557471,11,true,Meduim weight(<=17.73),1.35,Shady Lake,2. HIgh (2.79$ - 4.84$),true,Healthy
576,Shady Lake Rice Medly,0.7,32429710030,18.6,true,Heavy weight,0.29,Shady Lake,Cheap (<= 1.42$),true,Healthy
577,Walrus Imported Beer,2.62,25103213191,6.11,true,Light weight(<=9.66),1.28,Walrus,3. Meduim (2.13$ - 2.79$),false,Not Healthy
578,Walrus Light Wine,2.29,30871132016,9.38,true,Light weight(<=9.66),0.69,Walrus,3. Meduim (2.13$ - 2.79$),false,Not Healthy
579,Walrus Chardonnay Wine,0.83,82782401442,15.7,false,Meduim weight(<=17.73),0.35,Walrus,Cheap (<= 1.42$),false,Not Healthy
580,Walrus Chablis Wine,2.41,21200867295,19.9,false,Heavy weight,1.18,Walrus,3. Meduim (2.13$ - 2.79$),false,Not Healthy
581,Walrus Merlot Wine,2.84,42349902987,19.4,true,Heavy weight,1.25,Walrus,2. HIgh (2.79$ - 4.84$),false,Not Healthy
582,Walrus Chardonnay,3.8,76593354344,9.9,true,Meduim weight(<=17.73),1.41,Walrus,2. HIgh (2.79$ - 4.84$),false,Not Healthy
583,Walrus White Zinfandel Wine,1.61,66980156302,19.4,true,Heavy weight,0.63,Walrus,Standard (1.42$ - 2.13$),false,Not Healthy
584,Walrus Light Beer,2.59,70461373925,17.6,false,Meduim weight(<=17.73),0.88,Walrus,3. Meduim (2.13$ - 2.79$),false,Not Healthy
585,Colony Pumpernickel Bread,2.18,30085942149,8.08,false,Light weight(<=9.66),0.72,Colony,3. Meduim (2.13$ - 2.79$),true,Healthy
586,Colony White Bread,1.42,68902795910,18.9,true,Heavy weight,0.7,Colony,Cheap (<= 1.42$),false,Not Healthy
587,Colony Rye Bread,3.27,87765130400,7.71,false,Light weight(<=9.66),1.21,Colony,2. HIgh (2.79$ - 4.84$),false,Not Healthy
588,Colony English Muffins,1.54,95819750428,7.55,false,Light weight(<=9.66),0.55,Colony,Standard (1.42$ - 2.13$),false,Not Healthy
589,Colony Cranberry Muffins,2.65,72702810168,16.4,true,Meduim weight(<=17.73),1.01,Colony,3. Meduim (2.13$ - 2.79$),false,Not Healthy
590,Colony Muffins,1.93,49995196461,6.14,false,Light weight(<=9.66),0.75,Colony,Standard (1.42$ - 2.13$),false,Not Healthy
591,Colony Bagels,1.17,97333063483,8.72,false,Light weight(<=9.66),0.42,Colony,Cheap (<= 1.42$),true,Healthy
592,Colony Blueberry Muffins,2.48,43863216042,12.7,true,Meduim weight(<=17.73),1.02,Colony,3. Meduim (2.13$ - 2.79$),false,Not Healthy
593,Colony Wheat Bread,1.87,36536719202,12,true,Meduim weight(<=17.73),0.84,Colony,Standard (1.42$ - 2.13$),false,Not Healthy
594,Landslide Sesame Oil,0.58,42304638028,7.27,true,Light weight(<=9.66),0.17,Landslide,Cheap (<= 1.42$),false,Not Healthy
595,Landslide Chunky Peanut Butter,1.42,94215907454,7.95,true,Light weight(<=9.66),0.65,Landslide,Cheap (<= 1.42$),false,Not Healthy
596,Landslide Hot Chocolate,0.64,69221592545,10.4,false,Meduim weight(<=17.73),0.25,Landslide,Cheap (<= 1.42$),true,Healthy
597,Landslide Brown Sugar,2.8,90370628237,19.3,true,Heavy weight,1.4,Landslide,2. HIgh (2.79$ - 4.84$),true,Healthy
598,Landslide White Sugar,1.52,65592778325,10.3,true,Meduim weight(<=17.73),0.64,Landslide,Standard (1.42$ - 2.13$),false,Not Healthy
599,Landslide French Roast Coffee,2.32,55979580283,9.79,true,Meduim weight(<=17.73),0.81,Landslide,3. Meduim (2.13$ - 2.79$),false,Not Healthy
600,Landslide Decaf Coffee,2.31,59460797905,18.9,true,Heavy weight,0.88,Landslide,3. Meduim (2.13$ - 2.79$),false,Not Healthy
601,Landslide Regular Coffee,2.13,85183236002,14.9,false,Meduim weight(<=17.73),0.68,Landslide,Standard (1.42$ - 2.13$),false,Not Healthy
602,Landslide Vegetable Oil,2.14,57902219891,15.9,true,Meduim weight(<=17.73),0.96,Landslide,3. Meduim (2.13$ - 2.79$),false,Not Healthy
603,Landslide Corn Oil,1.23,76764554381,16.5,true,Meduim weight(<=17.73),0.39,Landslide,Cheap (<= 1.42$),true,Healthy
604,Landslide Tomato Sauce,1.25,84819174408,9.48,false,Light weight(<=9.66),0.61,Landslide,Cheap (<= 1.42$),false,Not Healthy
605,Landslide Canola Oil,2.36,72919275164,21.2,true,Heavy weight,0.85,Landslide,3. Meduim (2.13$ - 2.79$),false,Not Healthy
606,Landslide Grape Preserves,2.65,50211661458,11.3,false,Meduim weight(<=17.73),0.87,Landslide,3. Meduim (2.13$ - 2.79$),false,Not Healthy
607,Landslide Columbian Coffee,2.78,62430357336,13.3,false,Meduim weight(<=17.73),1.36,Landslide,3. Meduim (2.13$ - 2.79$),false,Not Healthy
608,Landslide Strawberry Jelly,0.68,32862640023,10.2,true,Meduim weight(<=17.73),0.31,Landslide,Cheap (<= 1.42$),false,Not Healthy
609,Landslide Pepper,2.59,25536143183,11.3,false,Meduim weight(<=17.73),1.09,Landslide,3. Meduim (2.13$ - 2.79$),true,Healthy
610,Landslide Low Fat Apple Butter,2.27,31304062008,7.14,true,Light weight(<=9.66),0.98,Landslide,3. Meduim (2.13$ - 2.79$),true,Healthy
611,Landslide Salt,0.82,83215331435,15.1,true,Meduim weight(<=17.73),0.34,Landslide,Cheap (<= 1.42$),false,Not Healthy
612,Landslide Apple Butter,2.38,58221016526,11.6,true,Meduim weight(<=17.73),0.98,Landslide,3. Meduim (2.13$ - 2.79$),false,Not Healthy
613,Landslide Oregano,1.82,79370052218,21.1,true,Heavy weight,0.6,Landslide,Standard (1.42$ - 2.13$),false,Not Healthy
614,Landslide Apple Jelly,3.78,23613503575,16.7,true,Meduim weight(<=17.73),1.7,Landslide,2. HIgh (2.79$ - 4.84$),false,Not Healthy
615,Landslide Grape Jam,1.35,69672150015,18.4,false,Heavy weight,0.54,Landslide,Cheap (<= 1.42$),true,Healthy
616,Landslide Apple Jam,1.33,73153367638,21.9,true,Heavy weight,0.49,Landslide,Cheap (<= 1.42$),true,Healthy
617,Landslide Strawberry Jam,1.16,98875805735,13.9,true,Meduim weight(<=17.73),0.57,Landslide,Cheap (<= 1.42$),true,Healthy
618,Landslide Creamy Peanut Butter,1.4,71594789624,7.28,true,Light weight(<=9.66),0.62,Landslide,Cheap (<= 1.42$),true,Healthy
619,Landslide Strawberry Preserves,2.25,90457124114,6.14,false,Light weight(<=9.66),0.95,Landslide,3. Meduim (2.13$ - 2.79$),false,Not Healthy
620,Landslide Extra Chunky Peanut Butter,0.73,98511744141,7.8,true,Light weight(<=9.66),0.28,Landslide,Cheap (<= 1.42$),false,Not Healthy
621,Landslide Apple Preserves,1.39,86611844897,9.36,true,Light weight(<=9.66),0.68,Landslide,Cheap (<= 1.42$),false,Not Healthy
622,Landslide Grape Jelly,0.81,63904231190,6.38,true,Light weight(<=9.66),0.41,Landslide,Cheap (<= 1.42$),true,Healthy
623,Token Berry Juice,1.8,87339968085,8.04,true,Light weight(<=9.66),0.7,Token,Standard (1.42$ - 2.13$),false,Not Healthy
624,Token Mango Drink,2.46,33870120644,20.4,true,Heavy weight,1.01,Token,3. Meduim (2.13$ - 2.79$),true,Healthy
625,Token Strawberry Drink,1.61,15326582789,13.8,true,Meduim weight(<=17.73),0.74,Token,Standard (1.42$ - 2.13$),false,Not Healthy
626,Token Cream Soda,1.29,21094501614,6.73,false,Light weight(<=9.66),0.59,Token,Cheap (<= 1.42$),false,Not Healthy
627,Token Diet Soda,1.7,73005771040,7.64,true,Light weight(<=9.66),0.71,Token,Standard (1.42$ - 2.13$),false,Not Healthy
628,Token Cola,1.4,48011456131,16.4,true,Meduim weight(<=17.73),0.52,Token,Cheap (<= 1.42$),false,Not Healthy
629,Token Diet Cola,0.55,69160491824,10,false,Meduim weight(<=17.73),0.21,Token,Cheap (<= 1.42$),false,Not Healthy
630,Token Orange Juice,2.8,13403943181,11,true,Meduim weight(<=17.73),0.92,Token,2. HIgh (2.79$ - 4.84$),false,Not Healthy
631,Token Cranberry Juice,0.78,93790745139,19.7,true,Heavy weight,0.39,Token,Cheap (<= 1.42$),false,Not Healthy
632,Token Apple Juice,0.83,73369832634,20.6,false,Heavy weight,0.41,Token,Cheap (<= 1.42$),false,Not Healthy
633,Token Apple Drink,0.74,32994400858,15.6,true,Meduim weight(<=17.73),0.27,Token,Cheap (<= 1.42$),false,Not Healthy
634,Radius Oatmeal,2.53,60594213604,13.1,true,Meduim weight(<=17.73),0.99,Radius,3. Meduim (2.13$ - 2.79$),true,Healthy
635,Radius Corn Puffs,1.38,55554417967,7.92,false,Light weight(<=9.66),0.69,Radius,Cheap (<= 1.42$),true,Healthy
636,Radius Wheat Puffs,2.64,87511168122,12.2,false,Meduim weight(<=17.73),0.95,Radius,3. Meduim (2.13$ - 2.79$),true,Healthy
637,Radius Grits,0.86,51709138751,8.4,false,Light weight(<=9.66),0.35,Radius,Cheap (<= 1.42$),true,Healthy
638,Bravo Canned Beets,3.15,52903655171,6.8,true,Light weight(<=9.66),1.42,Bravo,2. HIgh (2.79$ - 4.84$),false,Not Healthy
639,Bravo Creamed Corn,3.28,76339392066,16.2,false,Meduim weight(<=17.73),1.08,Bravo,2. HIgh (2.79$ - 4.84$),false,Not Healthy
640,Bravo Canned String Beans,2.59,22869544625,9.63,false,Light weight(<=9.66),1.27,Bravo,3. Meduim (2.13$ - 2.79$),true,Healthy
641,Bravo Chicken Soup,3.98,39445177912,18.5,true,Heavy weight,1.75,Bravo,2. HIgh (2.79$ - 4.84$),true,Healthy
642,Bravo Canned Yams,1.66,45213096737,7.39,true,Light weight(<=9.66),0.8,Bravo,Standard (1.42$ - 2.13$),true,Healthy
643,Bravo Vegetable Soup,1.84,62005195021,9,false,Light weight(<=9.66),0.92,Bravo,Standard (1.42$ - 2.13$),false,Not Healthy
644,Bravo Canned Tomatos,0.87,37010880112,13.4,false,Meduim weight(<=17.73),0.4,Bravo,Cheap (<= 1.42$),false,Not Healthy
645,Bravo Noodle Soup,3.32,58159915804,6.41,false,Light weight(<=9.66),1.63,Bravo,2. HIgh (2.79$ - 4.84$),false,Not Healthy
646,Bravo Regular Ramen Soup,1.28,92403367161,6.18,true,Light weight(<=9.66),0.59,Bravo,Cheap (<= 1.42$),false,Not Healthy
647,Bravo Chicken Noodle Soup,2.74,82790169119,17.7,true,Meduim weight(<=17.73),1.04,Bravo,3. Meduim (2.13$ - 2.79$),false,Not Healthy
648,Bravo Turkey Noodle Soup,2.72,62369256615,12.5,true,Meduim weight(<=17.73),0.95,Bravo,3. Meduim (2.13$ - 2.79$),false,Not Healthy
649,Bravo Beef Soup,2.55,21993824839,17.2,false,Meduim weight(<=17.73),1.1,Bravo,3. Meduim (2.13$ - 2.79$),true,Healthy
650,Bravo Canned Peas,1.55,84712808728,17.5,true,Meduim weight(<=17.73),0.56,Bravo,Standard (1.42$ - 2.13$),true,Healthy
651,Bravo Chicken Ramen Soup,0.8,66987923979,15,false,Meduim weight(<=17.73),0.25,Bravo,Cheap (<= 1.42$),true,Healthy
652,Bravo Canned Tuna in Water,1.67,98944674134,10.7,true,Meduim weight(<=17.73),0.8,Bravo,Standard (1.42$ - 2.13$),false,Not Healthy
653,Bravo Canned Tuna in Oil,2.78,63142644762,9.71,true,Meduim weight(<=17.73),0.97,Bravo,3. Meduim (2.13$ - 2.79$),true,Healthy
654,Bravo Large Canned Shrimp,2.17,64337161183,10.8,false,Meduim weight(<=17.73),0.85,Bravo,3. Meduim (2.13$ - 2.79$),false,Not Healthy
655,Bravo Fancy Canned Anchovies,2.31,87772898077,8.33,false,Light weight(<=9.66),0.76,Bravo,3. Meduim (2.13$ - 2.79$),true,Healthy
656,Bravo Fancy Canned Clams,3.85,34303050637,20.4,true,Heavy weight,1.54,Bravo,2. HIgh (2.79$ - 4.84$),false,Not Healthy
657,Bravo Fancy Canned Oysters,2.12,50878683924,19.8,false,Heavy weight,0.68,Bravo,Standard (1.42$ - 2.13$),true,Healthy
658,Bravo Fancy Canned Sardines,2.68,56646602749,6.44,true,Light weight(<=9.66),1.02,Bravo,3. Meduim (2.13$ - 2.79$),false,Not Healthy
659,Bravo Rice Soup,3.21,18557872176,15.8,true,Meduim weight(<=17.73),1.41,Bravo,2. HIgh (2.79$ - 4.84$),true,Healthy
660,Applause Canned Mixed Fruit,2.8,48180714249,6.96,true,Light weight(<=9.66),1.26,Applause,2. HIgh (2.79$ - 4.84$),true,Healthy
661,Applause Canned Peaches,2.34,69329749941,19,false,Heavy weight,1.15,Applause,3. Meduim (2.13$ - 2.79$),false,Not Healthy
662,Prelude Rosy Sunglasses,2.3,13573201298,21.5,true,Heavy weight,1.01,Prelude,3. Meduim (2.13$ - 2.79$),false,Not Healthy
663,Akron Eyeglass Screwdriver,1.76,93960003256,11.4,true,Meduim weight(<=17.73),0.72,Akron,Standard (1.42$ - 2.13$),false,Not Healthy
664,Akron City Map,1.74,73539090752,8.24,false,Light weight(<=9.66),0.54,Akron,Standard (1.42$ - 2.13$),false,Not Healthy
665,Gorilla Low Fat Cottage Cheese,1.57,33163658976,8.79,false,Light weight(<=9.66),0.64,Gorilla,Standard (1.42$ - 2.13$),false,Not Healthy
666,Gorilla Low Fat Sour Cream,0.89,95882642865,14.5,false,Meduim weight(<=17.73),0.39,Gorilla,Cheap (<= 1.42$),true,Healthy
667,Gorilla Sour Cream,2.66,90842847228,21.2,true,Heavy weight,1.01,Gorilla,3. Meduim (2.13$ - 2.79$),false,Not Healthy
668,Gorilla Jack Cheese,3.93,32799597382,21.9,true,Heavy weight,1.77,Gorilla,2. HIgh (2.79$ - 4.84$),false,Not Healthy
669,Gorilla Muenster Cheese,1.8,51878396868,19.4,true,Heavy weight,0.54,Gorilla,Standard (1.42$ - 2.13$),true,Healthy
670,Gorilla String Cheese,1.79,29170783162,18.2,true,Heavy weight,0.77,Gorilla,Standard (1.42$ - 2.13$),true,Healthy
671,Gorilla Low Fat String Cheese,2.93,76508650183,20.8,true,Heavy weight,1.11,Gorilla,2. HIgh (2.79$ - 4.84$),true,Healthy
672,Gorilla Havarti Cheese,3.34,23038802742,13.3,true,Meduim weight(<=17.73),1.24,Gorilla,2. HIgh (2.79$ - 4.84$),true,Healthy
673,Gorilla Head Cheese,2.74,15712305903,18.2,false,Heavy weight,1.21,Gorilla,3. Meduim (2.13$ - 2.79$),false,Not Healthy
674,Gorilla Cheese Spread,3.18,21480224728,21.1,true,Heavy weight,1.37,Gorilla,2. HIgh (2.79$ - 4.84$),true,Healthy
675,Gorilla Sharp Cheddar Cheese,3.59,97293624281,13.1,true,Meduim weight(<=17.73),1.76,Gorilla,2. HIgh (2.79$ - 4.84$),true,Healthy
676,Gorilla Mild Cheddar Cheese,3.29,72299309372,8.86,true,Light weight(<=9.66),1.48,Gorilla,2. HIgh (2.79$ - 4.84$),true,Healthy
677,Gorilla Large Curd Cottage Cheese,2.96,93448345065,8.58,true,Light weight(<=9.66),1.18,Gorilla,2. HIgh (2.79$ - 4.84$),false,Not Healthy
678,Gorilla 2% Milk,3.69,68670495152,14.3,true,Meduim weight(<=17.73),1.66,Gorilla,2. HIgh (2.79$ - 4.84$),false,Not Healthy
679,Gorilla Buttermilk,1.49,59057297110,20.3,true,Heavy weight,0.46,Gorilla,Standard (1.42$ - 2.13$),false,Not Healthy
680,Gorilla Chocolate Milk,1.47,62538514733,13.4,true,Meduim weight(<=17.73),0.65,Gorilla,Standard (1.42$ - 2.13$),false,Not Healthy
681,Gorilla 1% Milk,2.3,22163082957,9.43,true,Light weight(<=9.66),1.1,Gorilla,3. Meduim (2.13$ - 2.79$),false,Not Healthy
682,Gorilla Whole Milk,0.61,60979936718,10.4,true,Meduim weight(<=17.73),0.2,Gorilla,Cheap (<= 1.42$),false,Not Healthy
683,Gorilla Strawberry Yogurt,2.16,79842271208,8.58,true,Light weight(<=9.66),0.93,Gorilla,3. Meduim (2.13$ - 2.79$),false,Not Healthy
684,Gorilla Blueberry Yogurt,0.68,21799021363,9.71,true,Meduim weight(<=17.73),0.22,Gorilla,Cheap (<= 1.42$),true,Healthy
685,Cutting Edge Chicken Hot Dogs,1.53,75996991991,18.2,false,Heavy weight,0.58,Cutting Edge,Standard (1.42$ - 2.13$),true,Healthy
686,Cutting Edge Pimento Loaf,1.82,53289378285,12.5,true,Meduim weight(<=17.73),0.67,Cutting Edge,Standard (1.42$ - 2.13$),false,Not Healthy
687,Cutting Edge Beef Bologna,0.97,65508074164,7.67,false,Light weight(<=9.66),0.49,Cutting Edge,Cheap (<= 1.42$),false,Not Healthy
688,Cutting Edge Low Fat Bologna,2.37,12038226723,12.9,false,Meduim weight(<=17.73),0.76,Cutting Edge,3. Meduim (2.13$ - 2.79$),true,Healthy
689,Cutting Edge Turkey Hot Dogs,1.76,94711729884,21.9,true,Heavy weight,0.74,Cutting Edge,Standard (1.42$ - 2.13$),false,Not Healthy
690,Cutting Edge Foot-Long Hot Dogs,1.44,10479648709,6.68,false,Light weight(<=9.66),0.52,Cutting Edge,Standard (1.42$ - 2.13$),true,Healthy
691,Cutting Edge Low Fat Cole Slaw,2.85,86293048262,9.66,false,Light weight(<=9.66),1.23,Cutting Edge,2. HIgh (2.79$ - 4.84$),false,Not Healthy
692,Cutting Edge Cole Slaw,1.55,37396603226,6.19,true,Light weight(<=9.66),0.56,Cutting Edge,Standard (1.42$ - 2.13$),true,Healthy
693,Cutting Edge Roasted Chicken,1.99,82447769045,15.6,false,Meduim weight(<=17.73),0.98,Cutting Edge,Standard (1.42$ - 2.13$),true,Healthy
694,Cutting Edge Corned Beef,2.95,92789090275,11.2,false,Meduim weight(<=17.73),1.39,Cutting Edge,2. HIgh (2.79$ - 4.84$),true,Healthy
695,Cutting Edge Sliced Turkey,3.52,83175892233,12.9,true,Meduim weight(<=17.73),1.65,Cutting Edge,2. HIgh (2.79$ - 4.84$),true,Healthy
696,Cutting Edge Sliced Ham,0.72,75176396965,19.6,true,Heavy weight,0.26,Cutting Edge,Cheap (<= 1.42$),true,Healthy
697,Cutting Edge Potato Salad,1.33,34800965189,8.47,true,Light weight(<=9.66),0.56,Cutting Edge,Cheap (<= 1.42$),true,Healthy
698,Cutting Edge Sliced Chicken,2.33,73617818951,6.86,true,Light weight(<=9.66),0.96,Cutting Edge,3. Meduim (2.13$ - 2.79$),true,Healthy
699,Jumbo Small Brown Eggs,1.42,92480153441,21.7,false,Heavy weight,0.45,Jumbo,Cheap (<= 1.42$),true,Healthy
700,Jumbo Large Brown Eggs,2.68,10534773468,7.38,true,Light weight(<=9.66),1.18,Jumbo,3. Meduim (2.13$ - 2.79$),false,Not Healthy
701,Jumbo Small Eggs,0.75,88634874224,8.94,false,Light weight(<=9.66),0.29,Jumbo,Cheap (<= 1.42$),false,Not Healthy
702,Jumbo Large Eggs,3.84,65927260518,21.9,false,Heavy weight,1.61,Jumbo,2. HIgh (2.79$ - 4.84$),true,Healthy
703,Jumbo Egg Substitute,2.97,23265127539,7.62,true,Light weight(<=9.66),1.13,Jumbo,2. HIgh (2.79$ - 4.84$),false,Not Healthy
704,Imagine Low Fat Waffles,1.63,90773978829,8.41,true,Light weight(<=9.66),0.73,Imagine,Standard (1.42$ - 2.13$),false,Not Healthy
705,Imagine Orange Popsicles,0.88,83447481989,12.2,false,Meduim weight(<=17.73),0.38,Imagine,Cheap (<= 1.42$),false,Not Healthy
706,Imagine Frozen Chicken Breast,3.46,89215400815,11,false,Meduim weight(<=17.73),1.07,Imagine,2. HIgh (2.79$ - 4.84$),true,Healthy
707,Imagine Frozen Pancakes,1.87,51126670241,16.7,true,Meduim weight(<=17.73),0.84,Imagine,Standard (1.42$ - 2.13$),true,Healthy
708,Imagine Low Fat French Fries,3.68,26132355332,9.79,true,Meduim weight(<=17.73),1.51,Imagine,2. HIgh (2.79$ - 4.84$),true,Healthy
709,Imagine Frozen Sausage Pizza,0.57,47281391024,16.9,true,Meduim weight(<=17.73),0.25,Imagine,Cheap (<= 1.42$),true,Healthy
710,Imagine Blueberry Waffles,1.19,81524842381,15.3,true,Meduim weight(<=17.73),0.43,Imagine,Cheap (<= 1.42$),false,Not Healthy
711,Imagine Fajita French Fries,2.89,71911644339,13.8,true,Meduim weight(<=17.73),1.42,Imagine,2. HIgh (2.79$ - 4.84$),false,Not Healthy
712,Imagine Waffles,3.87,75392861962,7.2,true,Light weight(<=9.66),1.43,Imagine,2. HIgh (2.79$ - 4.84$),false,Not Healthy
713,Imagine Frozen Pepperoni Pizza,3.46,23800389170,11,false,Meduim weight(<=17.73),1.35,Imagine,2. HIgh (2.79$ - 4.84$),true,Healthy
714,Imagine Frozen Cheese Pizza,2.7,62617242932,16.2,true,Meduim weight(<=17.73),1.16,Imagine,3. Meduim (2.13$ - 2.79$),false,Not Healthy
715,Imagine Frozen Mushroom Pizza,1.55,81479577422,6.88,true,Light weight(<=9.66),0.53,Imagine,Standard (1.42$ - 2.13$),true,Healthy
716,Imagine Apple Cinnamon Waffles,1.81,89534197449,6.27,false,Light weight(<=9.66),0.62,Imagine,Standard (1.42$ - 2.13$),false,Not Healthy
717,Imagine Frozen Carrots,3.92,77634298205,15.2,true,Meduim weight(<=17.73),1.92,Imagine,2. HIgh (2.79$ - 4.84$),true,Healthy
718,Imagine Turkey TV Dinner,2.32,54926684498,15,true,Meduim weight(<=17.73),0.9,Imagine,3. Meduim (2.13$ - 2.79$),true,Healthy
719,Imagine Chicken TV Dinner,2.45,12264551520,14.4,true,Meduim weight(<=17.73),0.98,Imagine,3. Meduim (2.13$ - 2.79$),true,Healthy
720,Imagine Beef TV Dinner,0.86,48794704079,9.18,false,Light weight(<=9.66),0.27,Imagine,Cheap (<= 1.42$),true,Healthy
721,Imagine Pancake Mix,2.26,41468207240,14.8,true,Meduim weight(<=17.73),0.7,Imagine,3. Meduim (2.13$ - 2.79$),false,Not Healthy
722,Imagine Grape Popsicles,2.83,10648906826,20.2,false,Heavy weight,0.88,Imagine,2. HIgh (2.79$ - 4.84$),true,Healthy
723,Imagine Home Style French Fries,0.51,62560176253,17.6,true,Meduim weight(<=17.73),0.18,Imagine,Cheap (<= 1.42$),true,Healthy
724,Imagine Lime Popsicles,2.94,37565861344,19.3,false,Heavy weight,1.21,Imagine,2. HIgh (2.79$ - 4.84$),false,Not Healthy
725,Imagine Ice Cream,1.49,58714897036,7.33,false,Light weight(<=9.66),0.55,Imagine,Standard (1.42$ - 2.13$),false,Not Healthy
726,Imagine Ice Cream Sandwich,3.21,92958348393,8.47,false,Light weight(<=9.66),1.03,Imagine,2. HIgh (2.79$ - 4.84$),true,Healthy
727,Imagine Frozen Cauliflower,1.91,83345150351,21,true,Heavy weight,0.73,Imagine,Standard (1.42$ - 2.13$),true,Healthy
728,Imagine Frozen Broccoli,1.89,86826367974,17.1,false,Meduim weight(<=17.73),0.7,Imagine,Standard (1.42$ - 2.13$),true,Healthy
729,Imagine Frozen Corn,1.72,22548806071,17.7,true,Meduim weight(<=17.73),0.58,Imagine,Standard (1.42$ - 2.13$),true,Healthy
730,Imagine Frozen Peas,1.72,85267789959,9.39,true,Light weight(<=9.66),0.72,Imagine,Standard (1.42$ - 2.13$),true,Healthy
731,Imagine Popsicles,3.81,92913083434,13.7,false,Meduim weight(<=17.73),1.14,Imagine,2. HIgh (2.79$ - 4.84$),false,Not Healthy
732,Imagine Frozen Chicken Thighs,0.91,10967703461,9.91,true,Meduim weight(<=17.73),0.31,Imagine,Cheap (<= 1.42$),false,Not Healthy
733,Imagine Frozen Chicken Wings,1.95,89067804217,16.6,true,Meduim weight(<=17.73),0.94,Imagine,Standard (1.42$ - 2.13$),true,Healthy
734,Imagine Lemon Popsicles,0.63,66360190510,19.1,false,Heavy weight,0.26,Imagine,Cheap (<= 1.42$),false,Not Healthy
735,Consolidated Silky Smooth Hair Conditioner,1.47,89795927405,6.51,false,Light weight(<=9.66),0.69,Consolidated,Standard (1.42$ - 2.13$),false,Not Healthy
736,Consolidated Tartar Control Toothpaste,2.13,60228210091,10.1,false,Meduim weight(<=17.73),0.83,Consolidated,Standard (1.42$ - 2.13$),false,Not Healthy
737,Consolidated Whitening Toothpast,1.28,52901713252,11.6,true,Meduim weight(<=17.73),0.46,Consolidated,Cheap (<= 1.42$),false,Not Healthy
738,Consolidated Toothpaste,1.85,58669632077,7.12,true,Light weight(<=9.66),0.56,Consolidated,Standard (1.42$ - 2.13$),false,Not Healthy
739,Consolidated Deodorant,2.38,51295928359,10.7,true,Meduim weight(<=17.73),0.95,Consolidated,3. Meduim (2.13$ - 2.79$),false,Not Healthy
740,Consolidated Conditioning Shampoo,1.97,26301613450,12.5,false,Meduim weight(<=17.73),0.87,Consolidated,Standard (1.42$ - 2.13$),false,Not Healthy
741,Consolidated Extra Moisture Shampoo,0.73,47450649142,16.2,false,Meduim weight(<=17.73),0.34,Consolidated,Cheap (<= 1.42$),false,Not Healthy
742,Consolidated Angled Toothbrush,2.47,81694100499,11.7,false,Meduim weight(<=17.73),0.79,Consolidated,3. Meduim (2.13$ - 2.79$),false,Not Healthy
743,Consolidated Apricot Shampoo,0.96,72080902457,9.42,true,Light weight(<=9.66),0.36,Consolidated,Cheap (<= 1.42$),false,Not Healthy
744,Consolidated Childrens Aspirin,3.91,75562120079,13,true,Meduim weight(<=17.73),1.76,Consolidated,2. HIgh (2.79$ - 4.84$),false,Not Healthy
745,Consolidated Buffered Aspirin,0.85,11284558176,8.57,true,Light weight(<=9.66),0.29,Consolidated,Cheap (<= 1.42$),false,Not Healthy
746,Consolidated 200 MG Ibuprofen,3.98,74003542065,10,true,Meduim weight(<=17.73),1.51,Consolidated,2. HIgh (2.79$ - 4.84$),false,Not Healthy
747,Consolidated 200 MG Acetominifen,1.83,92865876555,13.6,true,Meduim weight(<=17.73),0.71,Consolidated,Standard (1.42$ - 2.13$),false,Not Healthy
748,Consolidated HCL Nasal Spray,2.2,65801325440,9.19,true,Light weight(<=9.66),0.97,Consolidated,3. Meduim (2.13$ - 2.79$),false,Not Healthy
749,Consolidated Dishwasher Detergent,2.67,53901426196,12.8,true,Meduim weight(<=17.73),1.04,Consolidated,3. Meduim (2.13$ - 2.79$),false,Not Healthy
750,Consolidated Multi-Symptom Cold Remedy,1.95,31193812489,15.5,false,Meduim weight(<=17.73),0.66,Consolidated,Standard (1.42$ - 2.13$),false,Not Healthy
751,Consolidated Childrens Cold Remedy,2.19,54629549384,11,false,Meduim weight(<=17.73),1.01,Consolidated,3. Meduim (2.13$ - 2.79$),false,Not Healthy
752,Consolidated Laundry Detergent,0.85,91159701943,14.7,false,Meduim weight(<=17.73),0.27,Consolidated,Cheap (<= 1.42$),false,Not Healthy
753,Consolidated Mint Mouthwash,1.89,17735335230,16.5,true,Meduim weight(<=17.73),0.62,Consolidated,Standard (1.42$ - 2.13$),false,Not Healthy
754,Cormorant 60 Watt Lightbulb,2.57,23503254055,12,true,Meduim weight(<=17.73),1.08,Cormorant,3. Meduim (2.13$ - 2.79$),false,Not Healthy
755,Cormorant Plastic Forks,2.98,75414523482,15.6,true,Meduim weight(<=17.73),1.16,Cormorant,2. HIgh (2.79$ - 4.84$),false,Not Healthy
756,Cormorant Plastic Spoons,2.68,15301037430,17.1,true,Meduim weight(<=17.73),0.99,Cormorant,3. Meduim (2.13$ - 2.79$),false,Not Healthy
757,Cormorant Plastic Knives,1.47,36450073122,20.7,false,Heavy weight,0.69,Cormorant,Standard (1.42$ - 2.13$),false,Not Healthy
758,Cormorant C-Size Batteries,3.19,70693524479,17.5,true,Meduim weight(<=17.73),1.31,Cormorant,2. HIgh (2.79$ - 4.84$),false,Not Healthy
759,Cormorant 100 Watt Lightbulb,1.89,61080326437,18,false,Heavy weight,0.59,Cormorant,Standard (1.42$ - 2.13$),false,Not Healthy
760,Cormorant AAA-Size Batteries,1.87,40659413933,21.7,false,Heavy weight,0.67,Cormorant,Standard (1.42$ - 2.13$),false,Not Healthy
761,Cormorant Paper Plates,1.7,90283982157,18.1,false,Heavy weight,0.53,Cormorant,Standard (1.42$ - 2.13$),false,Not Healthy
762,Cormorant Paper Cups,3.7,63002966046,21.8,false,Heavy weight,1.41,Cormorant,2. HIgh (2.79$ - 4.84$),false,Not Healthy
763,Cormorant 75 Watt Lightbulb,2.55,57963170409,6.32,true,Light weight(<=9.66),0.84,Cormorant,3. Meduim (2.13$ - 2.79$),false,Not Healthy
764,Cormorant Toilet Bowl Cleaner,3.81,89919920563,15.9,false,Meduim weight(<=17.73),1.64,Cormorant,2. HIgh (2.79$ - 4.84$),false,Not Healthy
765,Cormorant Counter Cleaner,1.92,18998720049,19.6,false,Heavy weight,0.77,Cormorant,Standard (1.42$ - 2.13$),false,Not Healthy
766,Cormorant Glass Cleaner,0.62,20193236470,20.1,true,Heavy weight,0.22,Cormorant,Cheap (<= 1.42$),false,Not Healthy
767,Cormorant 25 Watt Lightbulb,1.45,43628973364,16.9,true,Meduim weight(<=17.73),0.51,Cormorant,Standard (1.42$ - 2.13$),false,Not Healthy
768,Cormorant AA-Size Batteries,2.76,80159125924,20.5,false,Heavy weight,0.91,Cormorant,3. Meduim (2.13$ - 2.79$),false,Not Healthy
769,Cormorant D-Size Batteries,0.59,96734759211,21,false,Heavy weight,0.25,Cormorant,Cheap (<= 1.42$),false,Not Healthy
770,Cormorant Paper Towels,1.83,12502678036,8.73,false,Light weight(<=9.66),0.81,Cormorant,Standard (1.42$ - 2.13$),false,Not Healthy
771,Cormorant Soft Napkins,1.12,64413947463,21.1,true,Heavy weight,0.35,Cormorant,Cheap (<= 1.42$),false,Not Healthy
772,Cormorant Scented Tissue,1.94,39419632554,6.95,true,Light weight(<=9.66),0.7,Cormorant,Standard (1.42$ - 2.13$),false,Not Healthy
773,Cormorant Toilet Paper,0.71,26240512728,10.6,true,Meduim weight(<=17.73),0.24,Cormorant,Cheap (<= 1.42$),false,Not Healthy
774,Cormorant Tissues,2.45,60483964085,6.11,true,Light weight(<=9.66),1.23,Cormorant,3. Meduim (2.13$ - 2.79$),false,Not Healthy
775,Cormorant Scented Toilet Tissue,0.95,50870766043,20.7,true,Heavy weight,0.41,Cormorant,Cheap (<= 1.42$),false,Not Healthy
776,Cormorant Room Freshener,3.89,30449853539,6.21,true,Light weight(<=9.66),1.71,Cormorant,2. HIgh (2.79$ - 4.84$),false,Not Healthy
777,Cormorant Frying Pan,3.72,80074421763,17.7,true,Meduim weight(<=17.73),1.53,Cormorant,2. HIgh (2.79$ - 4.84$),false,Not Healthy
778,Cormorant Copper Cleaner,2.72,52793405652,21.3,true,Heavy weight,1.03,Cormorant,3. Meduim (2.13$ - 2.79$),false,Not Healthy
779,Cormorant Bees Wax Candles,1.81,47753610014,8.09,false,Light weight(<=9.66),0.8,Cormorant,Standard (1.42$ - 2.13$),false,Not Healthy
780,Cormorant Silver Cleaner,2.84,79710360169,19.5,false,Heavy weight,0.91,Cormorant,2. HIgh (2.79$ - 4.84$),false,Not Healthy
781,Cormorant Copper Pot Scrubber,3.95,43908330798,7.24,false,Light weight(<=9.66),1.22,Cormorant,2. HIgh (2.79$ - 4.84$),false,Not Healthy
782,Cormorant Economy Toilet Brush,2.34,99983676075,9.02,true,Light weight(<=9.66),0.94,Cormorant,3. Meduim (2.13$ - 2.79$),false,Not Healthy
783,Cormorant Scissors,2.47,33419412970,12.6,true,Meduim weight(<=17.73),0.89,Cormorant,3. Meduim (2.13$ - 2.79$),false,Not Healthy
784,Cormorant Large Sponge,0.52,69949565529,8.17,true,Light weight(<=9.66),0.25,Cormorant,Cheap (<= 1.42$),false,Not Healthy
785,Cormorant Screw Driver,2.28,86525198817,9.63,true,Light weight(<=9.66),0.87,Cormorant,3. Meduim (2.13$ - 2.79$),false,Not Healthy
786,Footnote Extra Lean Hamburger,0.97,92293117642,13.2,false,Meduim weight(<=17.73),0.42,Footnote,Cheap (<= 1.42$),false,Not Healthy
787,Footnote Seasoned Hamburger,1.49,54204387068,13,false,Meduim weight(<=17.73),0.63,Footnote,Standard (1.42$ - 2.13$),true,Healthy
788,Excel Monthly Sports Magazine,0.55,29210072159,21,false,Heavy weight,0.17,Excel,Cheap (<= 1.42$),false,Not Healthy
789,Excel Monthly Auto Magazine,3.62,50359107851,19.7,true,Heavy weight,1.74,Excel,2. HIgh (2.79$ - 4.84$),false,Not Healthy
790,Excel Monthly Computer Magazine,0.77,84602559208,12.4,true,Meduim weight(<=17.73),0.27,Excel,Cheap (<= 1.42$),false,Not Healthy
791,Excel Monthly Home Magazine,2.15,62304272055,8.39,false,Light weight(<=9.66),0.95,Excel,3. Meduim (2.13$ - 2.79$),false,Not Healthy
792,Excel Monthly Fashion Magazine,2.13,41883359551,7.1,true,Light weight(<=9.66),1.04,Excel,Standard (1.42$ - 2.13$),false,Not Healthy
793,Ebony Summer Squash,2.85,91507927775,12,false,Meduim weight(<=17.73),0.97,Ebony,2. HIgh (2.79$ - 4.84$),false,Not Healthy
794,Ebony Corn on the Cob,1.2,64226911664,7.26,false,Light weight(<=9.66),0.43,Ebony,Cheap (<= 1.42$),true,Healthy
795,Ebony Asparagus,0.96,59187116026,21.6,false,Heavy weight,0.36,Ebony,Cheap (<= 1.42$),true,Healthy
796,Ebony Sweet Peas,1.32,91143866181,6.29,true,Light weight(<=9.66),0.5,Ebony,Cheap (<= 1.42$),true,Healthy
797,Ebony New Potatos,2.19,55341836810,7.96,true,Light weight(<=9.66),0.83,Ebony,3. Meduim (2.13$ - 2.79$),true,Healthy
798,Ebony Beets,2.71,32634223103,14.6,false,Meduim weight(<=17.73),0.84,Ebony,3. Meduim (2.13$ - 2.79$),true,Healthy
799,Ebony Prepared Salad,2.84,79972090125,20.8,true,Heavy weight,1.28,Ebony,2. HIgh (2.79$ - 4.84$),false,Not Healthy
800,Ebony Onions,3.26,81383071541,11.5,true,Meduim weight(<=17.73),1.43,Ebony,2. HIgh (2.79$ - 4.84$),true,Healthy
801,Ebony Green Pepper,2.65,74056574702,10.8,false,Meduim weight(<=17.73),1.25,Ebony,3. Meduim (2.13$ - 2.79$),false,Not Healthy
802,Ebony Shitake Mushrooms,2.99,79824493527,12.4,true,Meduim weight(<=17.73),1.38,Ebony,2. HIgh (2.79$ - 4.84$),true,Healthy
803,Ebony Lettuce,3.51,65637893080,21.4,false,Heavy weight,1.65,Ebony,2. HIgh (2.79$ - 4.84$),true,Healthy
804,Ebony Elephant Garlic,2.21,40643578171,7.48,false,Light weight(<=9.66),1.04,Ebony,3. Meduim (2.13$ - 2.79$),false,Not Healthy
805,Ebony Red Pepper,2.88,61792613863,16.9,false,Meduim weight(<=17.73),1.12,Ebony,2. HIgh (2.79$ - 4.84$),true,Healthy
806,Ebony Garlic,2.6,72133935093,8.1,true,Light weight(<=9.66),1.12,Ebony,3. Meduim (2.13$ - 2.79$),false,Not Healthy
807,Ebony Potatos,1.41,62520737051,21.1,false,Heavy weight,0.55,Ebony,Cheap (<= 1.42$),false,Not Healthy
808,Ebony Cauliflower,1.39,30882783532,19.4,true,Heavy weight,0.53,Ebony,Cheap (<= 1.42$),false,Not Healthy
809,Ebony Tomatos,1.22,80507351756,18.7,true,Heavy weight,0.4,Ebony,Cheap (<= 1.42$),true,Healthy
810,Ebony Mushrooms,0.57,29324205517,21.7,true,Heavy weight,0.25,Ebony,Cheap (<= 1.42$),false,Not Healthy
811,Ebony Baby Onion,2.97,48186540007,17.4,true,Meduim weight(<=17.73),0.95,Ebony,2. HIgh (2.79$ - 4.84$),false,Not Healthy
812,Ebony Dried Mushrooms,3.34,80143290162,20.9,true,Heavy weight,1.47,Ebony,2. HIgh (2.79$ - 4.84$),false,Not Healthy
813,Ebony Fresh Lima Beans,1.45,44341260790,14.3,true,Meduim weight(<=17.73),0.49,Ebony,Standard (1.42$ - 2.13$),false,Not Healthy
814,Ebony Squash,1.73,21633647084,18.7,false,Heavy weight,0.83,Ebony,Standard (1.42$ - 2.13$),false,Not Healthy
815,Ebony Limes,0.92,68971514105,11.7,false,Meduim weight(<=17.73),0.44,Ebony,Cheap (<= 1.42$),false,Not Healthy
816,Ebony Firm Tofu,2.29,15501666665,17.3,true,Meduim weight(<=17.73),0.89,Ebony,3. Meduim (2.13$ - 2.79$),true,Healthy
817,Ebony Almonds,1.68,98175169825,17.2,true,Meduim weight(<=17.73),0.57,Ebony,Standard (1.42$ - 2.13$),true,Healthy
818,Ebony Macintosh Apples,1.35,68560245633,21.5,true,Heavy weight,0.45,Ebony,Cheap (<= 1.42$),false,Not Healthy
819,Ebony Golden Delcious Apples,2.77,54373645186,18.5,true,Heavy weight,0.97,Ebony,3. Meduim (2.13$ - 2.79$),false,Not Healthy
820,Ebony Red Delcious Apples,0.7,95477200150,7.36,false,Light weight(<=9.66),0.3,Ebony,Cheap (<= 1.42$),false,Not Healthy
821,Ebony Lemons,1.91,50528365969,7.65,true,Light weight(<=9.66),0.78,Ebony,Standard (1.42$ - 2.13$),false,Not Healthy
822,Ebony Fancy Plums,1.86,60869687199,18.4,false,Heavy weight,0.67,Ebony,Standard (1.42$ - 2.13$),true,Healthy
823,Ebony Plums,3.43,51256489157,7.28,true,Light weight(<=9.66),1.51,Ebony,2. HIgh (2.79$ - 4.84$),true,Healthy
824,Ebony Peaches,2.11,54737706780,19.3,true,Heavy weight,0.93,Ebony,Standard (1.42$ - 2.13$),true,Healthy
825,Ebony Broccoli,2.83,14362275004,20,true,Heavy weight,0.96,Ebony,2. HIgh (2.79$ - 4.84$),true,Healthy
826,Ebony Mandarin Oranges,1.83,41962087750,9.79,true,Meduim weight(<=17.73),0.73,Ebony,Standard (1.42$ - 2.13$),false,Not Healthy
827,Ebony Mixed Nuts,0.95,60824422240,8.29,true,Light weight(<=9.66),0.35,Ebony,Cheap (<= 1.42$),false,Not Healthy
828,Ebony Canned Peanuts,1.29,68879042267,19.4,false,Heavy weight,0.53,Ebony,Cheap (<= 1.42$),true,Healthy
829,Ebony Sweet Onion,2.17,56979143023,15.6,false,Meduim weight(<=17.73),0.91,Ebony,3. Meduim (2.13$ - 2.79$),true,Healthy
830,Ebony Cantelope,2.45,34271529316,8.11,false,Light weight(<=9.66),0.96,Ebony,3. Meduim (2.13$ - 2.79$),false,Not Healthy
831,Ebony Honey Dew,1.58,81609396338,8.79,false,Light weight(<=9.66),0.71,Ebony,Standard (1.42$ - 2.13$),true,Healthy
832,Ebony Fuji Apples,3.24,28139548897,15,false,Meduim weight(<=17.73),1.1,Ebony,2. HIgh (2.79$ - 4.84$),false,Not Healthy
833,Ebony Walnuts,2.39,20813052058,18.8,false,Heavy weight,1.15,Ebony,3. Meduim (2.13$ - 2.79$),false,Not Healthy
834,Ebony Oranges,2.96,26580970883,9.96,false,Meduim weight(<=17.73),0.92,Ebony,2. HIgh (2.79$ - 4.84$),true,Healthy
835,Ebony Tangerines,3.49,78492240309,13.4,false,Meduim weight(<=17.73),1.64,Ebony,2. HIgh (2.79$ - 4.84$),false,Not Healthy
836,Ebony Party Nuts,1.18,84476624131,20.9,true,Heavy weight,0.45,Ebony,Cheap (<= 1.42$),true,Healthy
837,Curlew Lox,1.62,15625659823,8.97,false,Light weight(<=9.66),0.5,Curlew,Standard (1.42$ - 2.13$),false,Not Healthy
838,Curlew Scallops,2.58,49869111180,6.87,false,Light weight(<=9.66),1.19,Curlew,3. Meduim (2.13$ - 2.79$),true,Healthy
839,Nationeel Low Fat Cookies,0.66,40255913138,14.4,false,Meduim weight(<=17.73),0.3,Nationeel,Cheap (<= 1.42$),false,Not Healthy
840,Nationeel BBQ Potato Chips,1.37,43737130761,17,true,Meduim weight(<=17.73),0.62,Nationeel,Cheap (<= 1.42$),false,Not Healthy
841,Nationeel Corn Chips,1.85,93361698985,10.4,true,Meduim weight(<=17.73),0.56,Nationeel,Standard (1.42$ - 2.13$),true,Healthy
842,Nationeel Low Fat BBQ Chips,3.2,42178552746,18.9,true,Heavy weight,1.38,Nationeel,2. HIgh (2.79$ - 4.84$),false,Not Healthy
843,Nationeel Sugar Cookies,2.94,61040887236,8.24,true,Light weight(<=9.66),1.12,Nationeel,2. HIgh (2.79$ - 4.84$),false,Not Healthy
844,Nationeel Chocolate Chip Cookies,3.31,69095507264,17.1,true,Meduim weight(<=17.73),1.52,Nationeel,2. HIgh (2.79$ - 4.84$),false,Not Healthy
845,Nationeel Fudge Cookies,1.42,45978567004,7.31,true,Light weight(<=9.66),0.7,Nationeel,Cheap (<= 1.42$),true,Healthy
846,Nationeel Fudge Brownies,1.71,23270953297,16.3,false,Meduim weight(<=17.73),0.79,Nationeel,Standard (1.42$ - 2.13$),false,Not Healthy
847,Nationeel Potato Chips,3.84,70608820319,19.7,true,Heavy weight,1.15,Nationeel,2. HIgh (2.79$ - 4.84$),false,Not Healthy
848,Nationeel Lemon Cookies,2.26,17138972878,13.9,false,Meduim weight(<=17.73),0.88,Nationeel,3. Meduim (2.13$ - 2.79$),false,Not Healthy
849,Nationeel Graham Crackers,1.65,99812476038,8.31,false,Light weight(<=9.66),0.71,Nationeel,Standard (1.42$ - 2.13$),false,Not Healthy
850,Nationeel Cheese Crackers,1.33,15580394864,7.17,false,Light weight(<=9.66),0.53,Nationeel,Cheap (<= 1.42$),true,Healthy
851,Nationeel Buttered Popcorn,2.51,67491664290,9.31,false,Light weight(<=9.66),0.78,Nationeel,3. Meduim (2.13$ - 2.79$),true,Healthy
852,Nationeel No Salt Popcorn,0.69,42497349381,8.63,false,Light weight(<=9.66),0.25,Nationeel,Cheap (<= 1.42$),true,Healthy
853,Nationeel Low Fat Popcorn,3.88,94361411929,10.6,false,Meduim weight(<=17.73),1.71,Nationeel,2. HIgh (2.79$ - 4.84$),true,Healthy
854,Nationeel Salsa Dip,1.6,38604863286,10.9,true,Meduim weight(<=17.73),0.54,Nationeel,Standard (1.42$ - 2.13$),false,Not Healthy
855,Nationeel Avocado Dip,2.41,28991665244,10.2,false,Meduim weight(<=17.73),0.84,Nationeel,3. Meduim (2.13$ - 2.79$),true,Healthy
856,Nationeel Salted Pretzels,2.39,32472882866,15.5,true,Meduim weight(<=17.73),0.76,Nationeel,3. Meduim (2.13$ - 2.79$),true,Healthy
857,Nationeel Cheese Dip,2.22,58195320963,11.7,true,Meduim weight(<=17.73),0.78,Nationeel,3. Meduim (2.13$ - 2.79$),false,Not Healthy
858,Nationeel Fondue Mix,2.22,30914304852,6.98,false,Light weight(<=9.66),0.69,Nationeel,3. Meduim (2.13$ - 2.79$),false,Not Healthy
859,Nationeel Mini Donuts,1.31,49776639342,16.3,false,Meduim weight(<=17.73),0.66,Nationeel,Cheap (<= 1.42$),false,Not Healthy
860,Nationeel Beef Jerky,2.34,57831259369,17,true,Meduim weight(<=17.73),1.03,Nationeel,3. Meduim (2.13$ - 2.79$),true,Healthy
861,Nationeel Chocolate Donuts,2.45,45931360125,8.95,false,Light weight(<=9.66),1.23,Nationeel,3. Meduim (2.13$ - 2.79$),false,Not Healthy
862,Nationeel Low Fat Chips,2.73,12006705403,9.7,false,Meduim weight(<=17.73),1.06,Nationeel,3. Meduim (2.13$ - 2.79$),false,Not Healthy
863,Nationeel Sesame Crackers,2.98,35442442297,10.8,true,Meduim weight(<=17.73),1.1,Nationeel,2. HIgh (2.79$ - 4.84$),true,Healthy
864,Nationeel Frosted Cookies,1.63,95874724984,12.5,true,Meduim weight(<=17.73),0.73,Nationeel,Standard (1.42$ - 2.13$),true,Healthy
865,Nationeel Dried Apples,2.79,88548228144,9.63,true,Light weight(<=9.66),1.4,Nationeel,2. HIgh (2.79$ - 4.84$),false,Not Healthy
866,Nationeel Apple Fruit Roll,3.46,94316146969,11.2,false,Meduim weight(<=17.73),1.38,Nationeel,2. HIgh (2.79$ - 4.84$),true,Healthy
867,Nationeel Strawberry Fruit Roll,1.88,56227416396,12.3,true,Meduim weight(<=17.73),0.73,Nationeel,Standard (1.42$ - 2.13$),true,Healthy
868,Nationeel Raspberry Fruit Roll,3.58,31233101487,14.4,true,Meduim weight(<=17.73),1.5,Nationeel,2. HIgh (2.79$ - 4.84$),false,Not Healthy
869,Nationeel Grape Fruit Roll,2.12,52382137179,17,true,Meduim weight(<=17.73),0.91,Nationeel,Standard (1.42$ - 2.13$),false,Not Healthy
870,Nationeel Dried Dates,1.97,86625588536,20,true,Heavy weight,0.67,Nationeel,Standard (1.42$ - 2.13$),false,Not Healthy
871,Nationeel Raisins,2.54,40425171256,17.1,true,Meduim weight(<=17.73),0.94,Nationeel,3. Meduim (2.13$ - 2.79$),true,Healthy
872,Nationeel Golden Raisins,2.52,43906388878,19.2,false,Heavy weight,0.78,Nationeel,3. Meduim (2.13$ - 2.79$),false,Not Healthy
873,Nationeel Dried Apricots,2.35,69628826975,13.4,false,Meduim weight(<=17.73),0.8,Nationeel,3. Meduim (2.13$ - 2.79$),false,Not Healthy
874,Nationeel Frosted Donuts,1.59,42347810864,11.4,false,Meduim weight(<=17.73),0.75,Nationeel,Standard (1.42$ - 2.13$),false,Not Healthy
875,Thresher Tasty Candy Bar,3.44,61210145354,17.5,true,Meduim weight(<=17.73),1.27,Thresher,2. HIgh (2.79$ - 4.84$),true,Healthy
876,Thresher Mint Chocolate Bar,1.71,69264765381,20.9,false,Heavy weight,0.53,Thresher,Standard (1.42$ - 2.13$),true,Healthy
877,Thresher Malted Milk Balls,1.58,57364866137,10.3,true,Meduim weight(<=17.73),0.76,Thresher,Standard (1.42$ - 2.13$),false,Not Healthy
878,Thresher Semi-Sweet Chocolate Bar,1.87,34657252430,18.8,true,Heavy weight,0.9,Thresher,Standard (1.42$ - 2.13$),false,Not Healthy
879,Thresher Bubble Gum,1.11,58092989325,11.7,true,Meduim weight(<=17.73),0.56,Thresher,Cheap (<= 1.42$),true,Healthy
880,Thresher Spicy Mints,3.65,83406100869,11.1,false,Meduim weight(<=17.73),1.24,Thresher,2. HIgh (2.79$ - 4.84$),false,Not Healthy
881,Thresher Mints,1.81,99981734156,7.2,false,Light weight(<=9.66),0.58,Thresher,Standard (1.42$ - 2.13$),false,Not Healthy
882,Thresher White Chocolate Bar,2.49,15749652981,11.5,true,Meduim weight(<=17.73),1.2,Thresher,3. Meduim (2.13$ - 2.79$),true,Healthy
883,Monarch Ravioli,2.9,67660922408,8.2,true,Light weight(<=9.66),1.33,Monarch,2. HIgh (2.79$ - 4.84$),false,Not Healthy
884,Monarch Manicotti,2.6,42666607499,13,false,Meduim weight(<=17.73),1.2,Monarch,3. Meduim (2.13$ - 2.79$),false,Not Healthy
885,Monarch Spaghetti,1.38,63815643191,13.3,true,Meduim weight(<=17.73),0.61,Monarch,Cheap (<= 1.42$),true,Healthy
886,Monarch Thai Rice,3.11,98059094548,8.44,false,Light weight(<=9.66),0.93,Monarch,2. HIgh (2.79$ - 4.84$),false,Not Healthy
887,Monarch Rice Medly,1.8,88445896506,13.2,false,Meduim weight(<=17.73),0.58,Monarch,Standard (1.42$ - 2.13$),false,Not Healthy
888,Discover Ravioli,0.88,68024984002,8.06,false,Light weight(<=9.66),0.27,Discover,Cheap (<= 1.42$),true,Healthy
889,Discover Manicotti,1.61,58628250956,16,true,Meduim weight(<=17.73),0.74,Discover,Standard (1.42$ - 2.13$),false,Not Healthy
890,Discover Spaghetti,2.61,31347234845,21.7,true,Heavy weight,1.07,Discover,3. Meduim (2.13$ - 2.79$),true,Healthy
891,Discover Thai Rice,2.47,26307439208,19.3,false,Heavy weight,0.82,Discover,3. Meduim (2.13$ - 2.79$),false,Not Healthy
892,Discover Rice Medly,2.73,58264189362,14.5,true,Meduim weight(<=17.73),1.01,Discover,3. Meduim (2.13$ - 2.79$),false,Not Healthy
893,Pearl Imported Beer,0.91,22462159991,11.6,false,Meduim weight(<=17.73),0.42,Pearl,Cheap (<= 1.42$),false,Not Healthy
894,Pearl Light Wine,0.57,23656676411,9.87,true,Meduim weight(<=17.73),0.27,Pearl,Cheap (<= 1.42$),false,Not Healthy
895,Pearl Chardonnay Wine,0.65,47092413306,16.2,false,Meduim weight(<=17.73),0.26,Pearl,Cheap (<= 1.42$),false,Not Healthy
896,Pearl Chablis Wine,2.68,83622565865,10.7,false,Meduim weight(<=17.73),1.31,Pearl,3. Meduim (2.13$ - 2.79$),false,Not Healthy
897,Pearl Merlot Wine,0.54,10198199152,9.01,false,Light weight(<=9.66),0.19,Pearl,Cheap (<= 1.42$),false,Not Healthy
898,Pearl Chardonnay,1.74,94485405087,15.4,false,Meduim weight(<=17.73),0.61,Pearl,Standard (1.42$ - 2.13$),false,Not Healthy
899,Pearl White Zinfandel Wine,1.92,56396674513,19.9,false,Heavy weight,0.88,Pearl,Standard (1.42$ - 2.13$),false,Not Healthy
900,Pearl Light Beer,1.86,31402359604,10.3,false,Meduim weight(<=17.73),0.73,Pearl,Standard (1.42$ - 2.13$),false,Not Healthy
901,Fantastic Pumpernickel Bread,2.99,52551395297,13.5,true,Meduim weight(<=17.73),1.41,Fantastic,2. HIgh (2.79$ - 4.84$),false,Not Healthy
902,Fantastic White Bread,0.97,86794846653,9.8,true,Meduim weight(<=17.73),0.41,Fantastic,Cheap (<= 1.42$),false,Not Healthy
903,Fantastic Rye Bread,2.52,77181648612,21.4,true,Heavy weight,0.83,Fantastic,3. Meduim (2.13$ - 2.79$),true,Healthy
904,Fantastic English Muffins,1.5,56760736107,7.94,true,Light weight(<=9.66),0.51,Fantastic,Standard (1.42$ - 2.13$),false,Not Healthy
905,Fantastic Cranberry Muffins,2.33,16385304331,20.5,false,Heavy weight,0.89,Fantastic,3. Meduim (2.13$ - 2.79$),false,Not Healthy
906,Fantastic Muffins,0.63,79104288220,11.6,false,Meduim weight(<=17.73),0.24,Fantastic,Cheap (<= 1.42$),false,Not Healthy
907,Fantastic Bagels,3.42,15043191313,6.04,true,Light weight(<=9.66),1.64,Fantastic,2. HIgh (2.79$ - 4.84$),true,Healthy
908,Fantastic Blueberry Muffins,0.69,46999941468,18.6,true,Heavy weight,0.27,Fantastic,Cheap (<= 1.42$),true,Healthy
909,Fantastic Wheat Bread,1.55,11197912096,10.6,false,Meduim weight(<=17.73),0.73,Fantastic,Standard (1.42$ - 2.13$),true,Healthy
910,BBB Best Sesame Oil,1.84,12392428517,15.4,false,Meduim weight(<=17.73),0.64,BBB Best,Standard (1.42$ - 2.13$),true,Healthy
911,BBB Best Chunky Peanut Butter,1.97,35828165411,6.97,false,Light weight(<=9.66),0.77,BBB Best,Standard (1.42$ - 2.13$),true,Healthy
912,BBB Best Hot Chocolate,2.63,72358317971,14.5,true,Meduim weight(<=17.73),1.03,BBB Best,3. Meduim (2.13$ - 2.79$),true,Healthy
913,BBB Best Brown Sugar,1.78,88933951258,14.3,true,Meduim weight(<=17.73),0.62,BBB Best,Standard (1.42$ - 2.13$),false,Not Healthy
914,BBB Best White Sugar,2.46,94701870083,6.76,true,Light weight(<=9.66),1.06,BBB Best,3. Meduim (2.13$ - 2.79$),true,Healthy
915,BBB Best French Roast Coffee,2.87,45396098494,17.1,false,Meduim weight(<=17.73),0.92,BBB Best,2. HIgh (2.79$ - 4.84$),false,Not Healthy
916,BBB Best Decaf Coffee,2.57,20401783585,15.2,true,Meduim weight(<=17.73),0.77,BBB Best,3. Meduim (2.13$ - 2.79$),false,Not Healthy
917,BBB Best Regular Coffee,1.12,41550819277,17.2,false,Meduim weight(<=17.73),0.5,BBB Best,Cheap (<= 1.42$),false,Not Healthy
918,BBB Best Vegetable Oil,2.97,75794270634,13.5,false,Meduim weight(<=17.73),1.37,BBB Best,2. HIgh (2.79$ - 4.84$),true,Healthy
919,BBB Best Corn Oil,1.54,66181072592,15.5,true,Meduim weight(<=17.73),0.72,BBB Best,Standard (1.42$ - 2.13$),true,Healthy
920,BBB Best Tomato Sauce,0.73,45760160088,8.09,true,Light weight(<=9.66),0.23,BBB Best,Cheap (<= 1.42$),false,Not Healthy
921,BBB Best Canola Oil,1.35,95384728312,16.1,false,Meduim weight(<=17.73),0.54,BBB Best,Cheap (<= 1.42$),false,Not Healthy
922,BBB Best Grape Preserves,2.59,68103712201,13.2,false,Meduim weight(<=17.73),0.88,BBB Best,3. Meduim (2.13$ - 2.79$),true,Healthy
923,BBB Best Columbian Coffee,1.44,63063916563,16.2,false,Meduim weight(<=17.73),0.55,BBB Best,Standard (1.42$ - 2.13$),false,Not Healthy
924,BBB Best Strawberry Jelly,2.7,35999365448,21.2,false,Heavy weight,0.86,BBB Best,3. Meduim (2.13$ - 2.79$),false,Not Healthy
925,BBB Best Pepper,0.76,90197336077,11.4,false,Meduim weight(<=17.73),0.33,BBB Best,Cheap (<= 1.42$),true,Healthy
926,BBB Best Low Fat Apple Butter,0.56,67489722371,8.86,true,Light weight(<=9.66),0.18,BBB Best,Cheap (<= 1.42$),true,Healthy
927,BBB Best Salt,0.63,24827589392,7.72,false,Light weight(<=9.66),0.31,BBB Best,Cheap (<= 1.42$),true,Healthy
928,BBB Best Apple Butter,1.65,61357741951,9.38,true,Light weight(<=9.66),0.58,BBB Best,Standard (1.42$ - 2.13$),true,Healthy
929,BBB Best Oregano,0.53,54031245112,12.8,true,Meduim weight(<=17.73),0.2,BBB Best,Cheap (<= 1.42$),false,Not Healthy
930,BBB Best Apple Jelly,1.48,59799163937,7.65,true,Light weight(<=9.66),0.49,BBB Best,Standard (1.42$ - 2.13$),false,Not Healthy
931,BBB Best Grape Jam,1.9,45612563490,20.2,false,Heavy weight,0.8,BBB Best,Standard (1.42$ - 2.13$),false,Not Healthy
932,BBB Best Apple Jam,1.59,20618248581,12.2,false,Meduim weight(<=17.73),0.59,BBB Best,Standard (1.42$ - 2.13$),false,Not Healthy
933,BBB Best Strawberry Jam,3.38,31341258883,10.2,true,Meduim weight(<=17.73),1.28,BBB Best,2. HIgh (2.79$ - 4.84$),true,Healthy
934,BBB Best Creamy Peanut Butter,1.1,41682580113,12.8,false,Meduim weight(<=17.73),0.47,BBB Best,Cheap (<= 1.42$),false,Not Healthy
935,BBB Best Strawberry Preserves,2.8,32069382071,7.54,false,Light weight(<=9.66),1.09,BBB Best,2. HIgh (2.79$ - 4.84$),true,Healthy
936,BBB Best Extra Chunky Peanut Butter,2.78,35550599694,6.49,false,Light weight(<=9.66),1.2,BBB Best,3. Meduim (2.13$ - 2.79$),false,Not Healthy
937,BBB Best Apple Preserves,3.61,85175167918,21.8,true,Heavy weight,1.23,BBB Best,2. HIgh (2.79$ - 4.84$),true,Healthy
938,BBB Best Grape Jelly,1.61,33992021679,17,true,Meduim weight(<=17.73),0.68,BBB Best,Standard (1.42$ - 2.13$),false,Not Healthy
939,Fabulous Berry Juice,0.7,52854356169,10.8,false,Meduim weight(<=17.73),0.34,Fabulous,Cheap (<= 1.42$),false,Not Healthy
940,Fabulous Mango Drink,2.84,84811106324,14.5,false,Meduim weight(<=17.73),1.11,Fabulous,2. HIgh (2.79$ - 4.84$),false,Not Healthy
941,Fabulous Strawberry Drink,3.95,49009076952,18.3,false,Heavy weight,1.5,Fabulous,2. HIgh (2.79$ - 4.84$),false,Not Healthy
942,Fabulous Cream Soda,2.34,79714244008,17.7,false,Meduim weight(<=17.73),0.98,Fabulous,3. Meduim (2.13$ - 2.79$),false,Not Healthy
943,Fabulous Diet Soda,2.47,37052111029,18.6,true,Heavy weight,0.86,Fabulous,3. Meduim (2.13$ - 2.79$),false,Not Healthy
944,Fabulous Cola,0.88,73582263588,16.4,true,Meduim weight(<=17.73),0.4,Fabulous,Cheap (<= 1.42$),false,Not Healthy
945,Fabulous Diet Cola,2.28,66255766749,12.3,false,Meduim weight(<=17.73),0.78,Fabulous,3. Meduim (2.13$ - 2.79$),false,Not Healthy
946,Fabulous Orange Juice,2.85,72023685574,6,true,Light weight(<=9.66),0.97,Fabulous,2. HIgh (2.79$ - 4.84$),false,Not Healthy
947,Fabulous Cranberry Juice,0.65,57837085127,16,true,Meduim weight(<=17.73),0.22,Fabulous,Cheap (<= 1.42$),false,Not Healthy
948,Fabulous Apple Juice,2.96,98940640091,16.9,false,Meduim weight(<=17.73),1.1,Fabulous,2. HIgh (2.79$ - 4.84$),false,Not Healthy
949,Fabulous Apple Drink,2.51,53991805911,10.6,true,Meduim weight(<=17.73),0.98,Fabulous,3. Meduim (2.13$ - 2.79$),false,Not Healthy
950,Special Oatmeal,3.47,64333127140,9.56,false,Light weight(<=9.66),1.39,Special,2. HIgh (2.79$ - 4.84$),false,Not Healthy
951,Special Corn Puffs,1.93,43502888083,16.1,true,Meduim weight(<=17.73),0.6,Special,Standard (1.42$ - 2.13$),false,Not Healthy
952,Special Wheat Puffs,2.91,46984105706,21.8,true,Heavy weight,0.99,Special,2. HIgh (2.79$ - 4.84$),false,Not Healthy
953,Special Grits,2.74,96608673930,17,true,Meduim weight(<=17.73),1.21,Special,3. Meduim (2.13$ - 2.79$),true,Healthy
954,Just Right Canned Beets,1.74,45425527691,8.66,true,Light weight(<=9.66),0.77,Just Right,Standard (1.42$ - 2.13$),false,Not Healthy
955,Just Right Creamed Corn,3.83,64287862181,15.2,false,Meduim weight(<=17.73),1.65,Just Right,2. HIgh (2.79$ - 4.84$),false,Not Healthy
956,Just Right Canned String Beans,1.2,72342482209,10,true,Meduim weight(<=17.73),0.46,Just Right,Cheap (<= 1.42$),true,Healthy
957,Just Right Chicken Soup,2.97,60442582964,13.5,true,Meduim weight(<=17.73),1.19,Just Right,2. HIgh (2.79$ - 4.84$),true,Healthy
958,Just Right Canned Yams,1.36,37734969258,19.7,true,Heavy weight,0.57,Just Right,Cheap (<= 1.42$),false,Not Healthy
959,Just Right Vegetable Soup,1.5,26051535010,17.2,false,Meduim weight(<=17.73),0.45,Just Right,Standard (1.42$ - 2.13$),false,Not Healthy
960,Just Right Canned Tomatos,2.15,62581687569,18,false,Heavy weight,0.71,Just Right,3. Meduim (2.13$ - 2.79$),true,Healthy
961,Just Right Noodle Soup,1.31,55255190730,9.1,false,Light weight(<=9.66),0.5,Just Right,Cheap (<= 1.42$),true,Healthy
962,Just Right Regular Ramen Soup,1.87,61023109555,9.31,true,Light weight(<=9.66),0.79,Just Right,Standard (1.42$ - 2.13$),true,Healthy
963,Just Right Chicken Noodle Soup,2.4,22934378981,20.5,true,Heavy weight,0.96,Just Right,3. Meduim (2.13$ - 2.79$),true,Healthy
964,Just Right Turkey Noodle Soup,1.99,87940064072,16.7,false,Meduim weight(<=17.73),0.96,Just Right,Standard (1.42$ - 2.13$),false,Not Healthy
965,Just Right Beef Soup,1.53,19089099764,17.3,false,Meduim weight(<=17.73),0.57,Just Right,Standard (1.42$ - 2.13$),true,Healthy
966,Just Right Canned Peas,2.49,53332551121,8.02,true,Light weight(<=9.66),1.12,Just Right,3. Meduim (2.13$ - 2.79$),false,Not Healthy
967,Just Right Chicken Ramen Soup,0.61,43719353079,12.3,true,Meduim weight(<=17.73),0.29,Just Right,Cheap (<= 1.42$),true,Healthy
968,Just Right Canned Tuna in Water,1.28,35983529686,9.48,false,Light weight(<=9.66),0.63,Just Right,Cheap (<= 1.42$),true,Healthy
969,Just Right Canned Tuna in Oil,1.76,85608097910,7.43,false,Light weight(<=9.66),0.79,Just Right,Standard (1.42$ - 2.13$),false,Not Healthy
970,Just Right Large Canned Shrimp,3.11,34424951672,13.9,false,Meduim weight(<=17.73),1.15,Just Right,2. HIgh (2.79$ - 4.84$),true,Healthy
971,Just Right Fancy Canned Anchovies,2.85,53287286162,10.1,true,Meduim weight(<=17.73),0.86,Just Right,2. HIgh (2.79$ - 4.84$),true,Healthy
972,Just Right Fancy Canned Clams,2.23,61341906189,7.65,false,Light weight(<=9.66),0.89,Just Right,3. Meduim (2.13$ - 2.79$),false,Not Healthy
973,Just Right Fancy Canned Oysters,1.34,49442006945,14.8,false,Meduim weight(<=17.73),0.54,Just Right,Cheap (<= 1.42$),true,Healthy
974,Just Right Fancy Canned Sardines,0.79,26734393239,6.89,true,Light weight(<=9.66),0.27,Just Right,Cheap (<= 1.42$),true,Healthy
975,Just Right Rice Soup,3.76,74072260260,7.12,false,Light weight(<=9.66),1.69,Just Right,2. HIgh (2.79$ - 4.84$),true,Healthy
976,Big City Canned Mixed Fruit,1.17,20602412819,17.8,true,Heavy weight,0.5,Big City,Cheap (<= 1.42$),false,Not Healthy
977,Big City Canned Peaches,0.76,67893072962,11.6,true,Meduim weight(<=17.73),0.3,Big City,Cheap (<= 1.42$),false,Not Healthy
978,Symphony Rosy Sunglasses,1.6,73660991787,17.4,true,Meduim weight(<=17.73),0.7,Symphony,Standard (1.42$ - 2.13$),false,Not Healthy
979,James Bay Eyeglass Screwdriver,3.78,35572261214,18.3,false,Heavy weight,1.85,James Bay,2. HIgh (2.79$ - 4.84$),false,Not Healthy
980,James Bay City Map,1.72,10577946305,10.1,true,Meduim weight(<=17.73),0.53,James Bay,Standard (1.42$ - 2.13$),false,Not Healthy
981,Even Better Low Fat Cottage Cheese,1.27,31726981997,19.7,false,Heavy weight,0.44,Even Better,Cheap (<= 1.42$),false,Not Healthy
982,Even Better Low Fat Sour Cream,2.88,65970433354,12.3,false,Meduim weight(<=17.73),1.04,Even Better,2. HIgh (2.79$ - 4.84$),false,Not Healthy
983,Even Better Sour Cream,0.82,56357235312,20.3,false,Heavy weight,0.28,Even Better,Cheap (<= 1.42$),false,Not Healthy
984,Even Better Jack Cheese,0.81,59838452935,6.33,true,Light weight(<=9.66),0.25,Even Better,Cheap (<= 1.42$),true,Healthy
985,Even Better Muenster Cheese,0.72,85560891032,12,true,Meduim weight(<=17.73),0.35,Even Better,Cheap (<= 1.42$),true,Healthy
986,Even Better String Cheese,3.5,23160703778,14.6,false,Meduim weight(<=17.73),1.3,Even Better,2. HIgh (2.79$ - 4.84$),true,Healthy
987,Even Better Low Fat String Cheese,2.59,42023038268,18.6,false,Heavy weight,1.14,Even Better,3. Meduim (2.13$ - 2.79$),false,Not Healthy
988,Even Better Havarti Cheese,3.61,50077658295,6.94,true,Light weight(<=9.66),1.44,Even Better,2. HIgh (2.79$ - 4.84$),false,Not Healthy
989,Even Better Head Cheese,0.84,38177759051,13.1,true,Meduim weight(<=17.73),0.31,Even Better,Cheap (<= 1.42$),false,Not Healthy
990,Even Better Cheese Spread,3.12,15470145344,7.91,true,Light weight(<=9.66),1.12,Even Better,2. HIgh (2.79$ - 4.84$),false,Not Healthy
991,Even Better Sharp Cheddar Cheese,3.25,38905882239,17.2,true,Meduim weight(<=17.73),1.11,Even Better,2. HIgh (2.79$ - 4.84$),false,Not Healthy
992,Even Better Mild Cheddar Cheese,1.79,99338164925,8.89,false,Light weight(<=9.66),0.88,Even Better,Standard (1.42$ - 2.13$),false,Not Healthy
993,Even Better Large Curd Cottage Cheese,3.95,92011668086,15.9,true,Meduim weight(<=17.73),1.78,Even Better,2. HIgh (2.79$ - 4.84$),true,Healthy
994,Even Better 2% Milk,0.79,62660415768,15.7,false,Meduim weight(<=17.73),0.24,Even Better,Cheap (<= 1.42$),false,Not Healthy
995,Even Better Buttermilk,1.15,24571685194,21.7,false,Heavy weight,0.56,Even Better,Cheap (<= 1.42$),false,Not Healthy
996,Even Better Chocolate Milk,0.85,89577370285,14.8,true,Meduim weight(<=17.73),0.28,Even Better,Cheap (<= 1.42$),false,Not Healthy
997,Even Better 1% Milk,3.29,20726405978,21.8,true,Heavy weight,1.58,Even Better,2. HIgh (2.79$ - 4.84$),false,Not Healthy
998,Even Better Whole Milk,1.25,54969857335,8.02,false,Light weight(<=9.66),0.38,Even Better,Cheap (<= 1.42$),false,Not Healthy
999,Even Better Strawberry Yogurt,2.71,45356659293,17.1,true,Meduim weight(<=17.73),1.14,Even Better,3. Meduim (2.13$ - 2.79$),true,Healthy
1000,Even Better Blueberry Yogurt,2.69,48837876915,7.42,true,Light weight(<=9.66),1.29,Even Better,3. Meduim (2.13$ - 2.79$),false,Not Healthy
1001,American Chicken Hot Dogs,2.52,74560315012,19.9,false,Heavy weight,1.06,American,3. Meduim (2.13$ - 2.79$),true,Healthy
1002,American Pimento Loaf,2.76,47279298901,7.49,true,Light weight(<=9.66),0.86,American,3. Meduim (2.13$ - 2.79$),true,Healthy
1003,American Beef Bologna,0.78,31022462248,14.2,true,Meduim weight(<=17.73),0.29,American,Cheap (<= 1.42$),false,Not Healthy
1004,American Low Fat Bologna,2.87,39077082276,15.8,true,Meduim weight(<=17.73),0.98,American,2. HIgh (2.79$ - 4.84$),false,Not Healthy
1005,American Turkey Hot Dogs,2.74,27177183032,21.9,true,Heavy weight,0.82,American,3. Meduim (2.13$ - 2.79$),false,Not Healthy
1006,American Foot-Long Hot Dogs,2.14,94469569325,8.4,false,Light weight(<=9.66),0.81,American,3. Meduim (2.13$ - 2.79$),false,Not Healthy
1007,American Low Fat Cole Slaw,2.27,27905306220,7.26,false,Light weight(<=9.66),1.07,American,3. Meduim (2.13$ - 2.79$),true,Healthy
1008,American Cole Slaw,0.89,64435458779,19.9,false,Heavy weight,0.29,American,Cheap (<= 1.42$),false,Not Healthy
1009,American Roasted Chicken,2.97,81011092066,12.3,true,Meduim weight(<=17.73),1.16,American,2. HIgh (2.79$ - 4.84$),false,Not Healthy
1010,American Corned Beef,2.65,86779010891,7.19,true,Light weight(<=9.66),1.25,American,3. Meduim (2.13$ - 2.79$),true,Healthy
1011,American Sliced Turkey,3.17,48690280318,14.8,false,Meduim weight(<=17.73),1.36,American,2. HIgh (2.79$ - 4.84$),true,Healthy
1012,American Sliced Ham,2.76,11010876297,6.81,false,Light weight(<=9.66),1.3,American,3. Meduim (2.13$ - 2.79$),true,Healthy
1013,American Potato Salad,1.55,32159911990,20.7,true,Heavy weight,0.76,American,Standard (1.42$ - 2.13$),true,Healthy
1014,American Sliced Chicken,0.59,66403363347,7.32,true,Light weight(<=9.66),0.25,American,Cheap (<= 1.42$),false,Not Healthy
1015,National Small Brown Eggs,2.19,56790165305,18,true,Heavy weight,0.88,National,3. Meduim (2.13$ - 2.79$),true,Healthy
1016,National Large Brown Eggs,1.17,36369252800,17,false,Meduim weight(<=17.73),0.43,National,Cheap (<= 1.42$),true,Healthy
1017,National Small Eggs,2.89,85993821024,21.3,false,Heavy weight,1.18,National,2. HIgh (2.79$ - 4.84$),true,Healthy
1018,National Large Eggs,0.93,58712804913,16.6,false,Meduim weight(<=17.73),0.29,National,Cheap (<= 1.42$),true,Healthy
1019,National Egg Substitute,3.74,53673009276,21.3,false,Heavy weight,1.27,National,2. HIgh (2.79$ - 4.84$),true,Healthy
1020,PigTail Low Fat Waffles,0.51,50246916413,14.7,false,Meduim weight(<=17.73),0.19,PigTail,Cheap (<= 1.42$),false,Not Healthy
1021,PigTail Orange Popsicles,1.22,14444887042,12.6,false,Meduim weight(<=17.73),0.43,PigTail,Cheap (<= 1.42$),true,Healthy
1022,PigTail Frozen Chicken Breast,1.51,15639403462,12.5,true,Meduim weight(<=17.73),0.59,PigTail,Standard (1.42$ - 2.13$),true,Healthy
1023,PigTail Frozen Pancakes,1.64,39075140357,14.1,false,Meduim weight(<=17.73),0.67,PigTail,Standard (1.42$ - 2.13$),true,Healthy
1024,PigTail Low Fat French Fries,3.95,75605292916,7.54,true,Light weight(<=9.66),1.46,PigTail,2. HIgh (2.79$ - 4.84$),false,Not Healthy
1025,PigTail Frozen Sausage Pizza,1.45,92180926203,18.7,false,Heavy weight,0.54,PigTail,Standard (1.42$ - 2.13$),false,Not Healthy
1026,PigTail Blueberry Waffles,2.13,97948845028,11.2,true,Meduim weight(<=17.73),0.87,PigTail,Standard (1.42$ - 2.13$),false,Not Healthy
1027,PigTail Fajita French Fries,2.31,59860114455,6.88,true,Light weight(<=9.66),0.74,PigTail,3. Meduim (2.13$ - 2.79$),false,Not Healthy
1028,PigTail Waffles,2.24,34865799546,17.6,true,Meduim weight(<=17.73),0.99,PigTail,3. Meduim (2.13$ - 2.79$),false,Not Healthy
1029,PigTail Frozen Pepperoni Pizza,1.68,20895664095,6.06,false,Light weight(<=9.66),0.76,PigTail,Standard (1.42$ - 2.13$),true,Healthy
1030,PigTail Frozen Cheese Pizza,2.64,55139115452,12.6,true,Meduim weight(<=17.73),1.19,PigTail,3. Meduim (2.13$ - 2.79$),true,Healthy
1031,PigTail Frozen Mushroom Pizza,1.21,45525917410,10.1,true,Meduim weight(<=17.73),0.5,PigTail,Cheap (<= 1.42$),true,Healthy
1032,PigTail Apple Cinnamon Waffles,0.55,25105004906,15.9,false,Meduim weight(<=17.73),0.25,PigTail,Cheap (<= 1.42$),false,Not Healthy
1033,PigTail Frozen Carrots,1.91,74729573130,6.99,false,Light weight(<=9.66),0.71,PigTail,Standard (1.42$ - 2.13$),false,Not Healthy
1034,PigTail Turkey TV Dinner,2.91,47448557019,21.9,true,Heavy weight,0.93,PigTail,2. HIgh (2.79$ - 4.84$),false,Not Healthy
1035,PigTail Chicken TV Dinner,1.11,42408761382,18.4,true,Heavy weight,0.4,PigTail,Cheap (<= 1.42$),false,Not Healthy
1036,PigTail Beef TV Dinner,2.14,74365511536,14.5,true,Meduim weight(<=17.73),0.73,PigTail,3. Meduim (2.13$ - 2.79$),true,Healthy
1037,PigTail Pancake Mix,0.58,38563482165,13.9,true,Meduim weight(<=17.73),0.21,PigTail,Cheap (<= 1.42$),false,Not Healthy
1038,PigTail Grape Popsicles,0.74,94638827443,16.5,false,Meduim weight(<=17.73),0.37,PigTail,Cheap (<= 1.42$),true,Healthy
1039,PigTail Home Style French Fries,0.81,28074564337,9.94,false,Meduim weight(<=17.73),0.39,PigTail,Cheap (<= 1.42$),false,Not Healthy
1040,PigTail Lime Popsicles,1.32,64604716897,17,false,Meduim weight(<=17.73),0.57,PigTail,Cheap (<= 1.42$),true,Healthy
1041,PigTail Ice Cream,0.71,81180350184,20,false,Heavy weight,0.23,PigTail,Cheap (<= 1.42$),true,Healthy
1042,PigTail Ice Cream Sandwich,1.15,86948269009,16.6,true,Meduim weight(<=17.73),0.56,PigTail,Cheap (<= 1.42$),false,Not Healthy
1043,PigTail Frozen Cauliflower,1.57,48859538435,7.77,false,Light weight(<=9.66),0.57,PigTail,Standard (1.42$ - 2.13$),true,Healthy
1044,PigTail Frozen Broccoli,1.27,23865223526,10.2,true,Meduim weight(<=17.73),0.44,PigTail,Cheap (<= 1.42$),true,Healthy
1045,PigTail Frozen Corn,3.7,45014259219,12.7,true,Meduim weight(<=17.73),1.7,PigTail,2. HIgh (2.79$ - 4.84$),false,Not Healthy
1046,PigTail Frozen Peas,1.66,79257710576,9.84,true,Meduim weight(<=17.73),0.75,PigTail,Standard (1.42$ - 2.13$),true,Healthy
1047,PigTail Popsicles,3.23,34525341391,10,true,Meduim weight(<=17.73),1.1,PigTail,2. HIgh (2.79$ - 4.84$),false,Not Healthy
1048,PigTail Frozen Chicken Thighs,2.21,14104428887,19.5,true,Heavy weight,1.06,PigTail,3. Meduim (2.13$ - 2.79$),true,Healthy
1049,PigTail Frozen Chicken Wings,3.93,63728997111,8.35,false,Light weight(<=9.66),1.38,PigTail,2. HIgh (2.79$ - 4.84$),false,Not Healthy
1050,PigTail Lemon Popsicles,1.28,36447980999,15.3,true,Meduim weight(<=17.73),0.42,PigTail,Cheap (<= 1.42$),false,Not Healthy
1051,Bird Call Silky Smooth Hair Conditioner,0.52,31408185362,13.4,false,Meduim weight(<=17.73),0.17,Bird Call,Cheap (<= 1.42$),false,Not Healthy
1052,Bird Call Tartar Control Toothpaste,1.4,63364935517,17,false,Meduim weight(<=17.73),0.6,Bird Call,Cheap (<= 1.42$),false,Not Healthy
1053,Bird Call Whitening Toothpast,1.85,27562906146,18.5,false,Heavy weight,0.89,Bird Call,Standard (1.42$ - 2.13$),false,Not Healthy
1054,Bird Call Toothpaste,1.48,94855292439,14,false,Meduim weight(<=17.73),0.68,Bird Call,Standard (1.42$ - 2.13$),false,Not Healthy
1055,Bird Call Deodorant,1.62,40712446570,17.6,false,Meduim weight(<=17.73),0.58,Bird Call,Standard (1.42$ - 2.13$),false,Not Healthy
1056,Bird Call Conditioning Shampoo,2.93,77242599129,15.3,true,Meduim weight(<=17.73),0.94,Bird Call,2. HIgh (2.79$ - 4.84$),false,Not Healthy
1057,Bird Call Extra Moisture Shampoo,1.43,69916102290,18.9,true,Heavy weight,0.56,Bird Call,Standard (1.42$ - 2.13$),false,Not Healthy
1058,Bird Call Angled Toothbrush,2.76,75684021115,14.4,true,Meduim weight(<=17.73),1.32,Bird Call,3. Meduim (2.13$ - 2.79$),false,Not Healthy
1059,Bird Call Apricot Shampoo,2.28,61497420668,16.2,true,Meduim weight(<=17.73),0.82,Bird Call,3. Meduim (2.13$ - 2.79$),false,Not Healthy
1060,Bird Call Childrens Aspirin,2.87,36503105759,19.9,false,Heavy weight,1.18,Bird Call,2. HIgh (2.79$ - 4.84$),false,Not Healthy
1061,Bird Call Buffered Aspirin,1.66,57652141451,15.4,false,Meduim weight(<=17.73),0.75,Bird Call,Standard (1.42$ - 2.13$),false,Not Healthy
1062,Bird Call 200 MG Ibuprofen,2.38,67993462681,19,true,Heavy weight,0.95,Bird Call,3. Meduim (2.13$ - 2.79$),false,Not Healthy
1063,Bird Call 200 MG Acetominifen,3.18,58380264639,20.5,true,Heavy weight,1.05,Bird Call,2. HIgh (2.79$ - 4.84$),false,Not Healthy
1064,Bird Call HCL Nasal Spray,0.54,92840180993,17.3,true,Meduim weight(<=17.73),0.26,Bird Call,Cheap (<= 1.42$),false,Not Healthy
1065,Bird Call Dishwasher Detergent,1.88,52464749217,20.9,true,Heavy weight,0.88,Bird Call,Standard (1.42$ - 2.13$),false,Not Healthy
1066,Bird Call Multi-Symptom Cold Remedy,2.89,91281602978,17.3,false,Meduim weight(<=17.73),1.24,Bird Call,2. HIgh (2.79$ - 4.84$),false,Not Healthy
1067,Bird Call Childrens Cold Remedy,1.74,20143937468,12.8,true,Meduim weight(<=17.73),0.71,Bird Call,Standard (1.42$ - 2.13$),false,Not Healthy
1068,Bird Call Laundry Detergent,2.11,52100687623,16.5,false,Meduim weight(<=17.73),0.93,Bird Call,Standard (1.42$ - 2.13$),false,Not Healthy
1069,Bird Call Mint Mouthwash,0.57,16298658251,18,false,Heavy weight,0.25,Bird Call,Cheap (<= 1.42$),false,Not Healthy
1070,High Quality 60 Watt Lightbulb,3.51,83591044545,21.6,false,Heavy weight,1.4,High Quality,2. HIgh (2.79$ - 4.84$),false,Not Healthy
1071,High Quality Plastic Forks,2.64,40928911566,18.4,false,Heavy weight,1.06,High Quality,3. Meduim (2.13$ - 2.79$),false,Not Healthy
1072,High Quality Plastic Spoons,1.95,77459064126,20.2,true,Heavy weight,0.59,High Quality,Standard (1.42$ - 2.13$),false,Not Healthy
1073,High Quality Plastic Knives,3.45,58915526270,7.86,true,Light weight(<=9.66),1.41,High Quality,2. HIgh (2.79$ - 4.84$),false,Not Healthy
1074,High Quality C-Size Batteries,3.13,64683445096,19.3,true,Heavy weight,1.35,High Quality,2. HIgh (2.79$ - 4.84$),false,Not Healthy
1075,High Quality 100 Watt Lightbulb,1.54,50496844649,20.8,false,Heavy weight,0.59,High Quality,Standard (1.42$ - 2.13$),false,Not Healthy
1076,High Quality AAA-Size Batteries,3.24,91600399613,8.48,false,Light weight(<=9.66),1.56,High Quality,2. HIgh (2.79$ - 4.84$),false,Not Healthy
1077,High Quality Paper Plates,3.68,46651565432,19.9,false,Heavy weight,1.47,High Quality,2. HIgh (2.79$ - 4.84$),false,Not Healthy
1078,High Quality Paper Cups,1.64,56992886662,7.63,false,Light weight(<=9.66),0.72,High Quality,Standard (1.42$ - 2.13$),false,Not Healthy
1079,High Quality 75 Watt Lightbulb,2.21,47379688620,21.3,false,Heavy weight,1.06,High Quality,3. Meduim (2.13$ - 2.79$),false,Not Healthy
1080,High Quality Toilet Bowl Cleaner,2.19,50860906243,21.8,true,Heavy weight,1.03,High Quality,3. Meduim (2.13$ - 2.79$),false,Not Healthy
1081,High Quality Counter Cleaner,2.91,63898255228,9.51,false,Light weight(<=9.66),1.08,High Quality,2. HIgh (2.79$ - 4.84$),false,Not Healthy
1082,High Quality Glass Cleaner,1.91,12715108990,21.9,true,Heavy weight,0.57,High Quality,Standard (1.42$ - 2.13$),false,Not Healthy
1083,High Quality 25 Watt Lightbulb,0.5,31577443480,9.61,true,Light weight(<=9.66),0.2,High Quality,Cheap (<= 1.42$),false,Not Healthy
1084,High Quality AA-Size Batteries,1.37,39632063508,10.1,true,Meduim weight(<=17.73),0.55,High Quality,Cheap (<= 1.42$),false,Not Healthy
1085,High Quality D-Size Batteries,2.24,27732164263,6.88,false,Light weight(<=9.66),0.92,High Quality,3. Meduim (2.13$ - 2.79$),false,Not Healthy
1086,High Quality Paper Towels,2.53,95024550557,10.5,false,Meduim weight(<=17.73),0.91,High Quality,3. Meduim (2.13$ - 2.79$),false,Not Healthy
1087,High Quality Soft Napkins,1.66,52362417578,7.26,false,Light weight(<=9.66),0.78,High Quality,Standard (1.42$ - 2.13$),false,Not Healthy
1088,High Quality Scented Tissue,3.32,88892570137,19.7,false,Heavy weight,1.39,High Quality,2. HIgh (2.79$ - 4.84$),false,Not Healthy
1089,High Quality Toilet Paper,2.47,81566073298,7.36,true,Light weight(<=9.66),1.06,High Quality,3. Meduim (2.13$ - 2.79$),false,Not Healthy
1090,High Quality Tissues,2.15,76116951107,7.88,true,Light weight(<=9.66),0.95,High Quality,3. Meduim (2.13$ - 2.79$),false,Not Healthy
1091,High Quality Scented Toilet Tissue,3.56,38028220534,11.5,true,Meduim weight(<=17.73),1.14,High Quality,2. HIgh (2.79$ - 4.84$),false,Not Healthy
1092,High Quality Room Freshener,2.38,13033905625,7.97,true,Light weight(<=9.66),0.98,High Quality,3. Meduim (2.13$ - 2.79$),false,Not Healthy
1093,High Quality Frying Pan,2.81,34182941317,20.7,true,Heavy weight,1.15,High Quality,2. HIgh (2.79$ - 4.84$),false,Not Healthy
1094,High Quality Copper Cleaner,3.77,68426392674,8.39,true,Light weight(<=9.66),1.58,High Quality,2. HIgh (2.79$ - 4.84$),false,Not Healthy
1095,High Quality Bees Wax Candles,1.58,58813194632,9.85,false,Meduim weight(<=17.73),0.49,High Quality,Standard (1.42$ - 2.13$),false,Not Healthy
1096,High Quality Silver Cleaner,2.56,62294412255,13.5,true,Meduim weight(<=17.73),0.79,High Quality,3. Meduim (2.13$ - 2.79$),false,Not Healthy
1097,High Quality Copper Pot Scrubber,2.15,21918980479,9.01,false,Light weight(<=9.66),0.73,High Quality,3. Meduim (2.13$ - 2.79$),false,Not Healthy
1098,High Quality Economy Toilet Brush,1.39,60735834240,21.7,true,Heavy weight,0.61,High Quality,Cheap (<= 1.42$),false,Not Healthy
1099,High Quality Scissors,3.24,94492883086,9.42,true,Light weight(<=9.66),1.33,High Quality,2. HIgh (2.79$ - 4.84$),false,Not Healthy
1100,High Quality Large Sponge,0.72,12547503113,20.9,true,Heavy weight,0.22,High Quality,Cheap (<= 1.42$),false,Not Healthy
1101,High Quality Screw Driver,2.62,90647603869,7.64,true,Light weight(<=9.66),1.23,High Quality,3. Meduim (2.13$ - 2.79$),false,Not Healthy
1102,Genteel Extra Lean Hamburger,1.9,67939990162,11.3,true,Meduim weight(<=17.73),0.86,Genteel,Standard (1.42$ - 2.13$),false,Not Healthy
1103,Genteel Seasoned Hamburger,1.15,25277857184,11.1,true,Meduim weight(<=17.73),0.45,Genteel,Cheap (<= 1.42$),false,Not Healthy
1104,Mighty Good Monthly Sports Magazine,2.45,61808009743,15,false,Meduim weight(<=17.73),1.1,Mighty Good,3. Meduim (2.13$ - 2.79$),false,Not Healthy
1105,Mighty Good Monthly Auto Magazine,1.85,54481512904,13.7,false,Meduim weight(<=17.73),0.76,Mighty Good,Standard (1.42$ - 2.13$),false,Not Healthy
1106,Mighty Good Monthly Computer Magazine,1.52,60249431729,6.5,false,Light weight(<=9.66),0.47,Mighty Good,Standard (1.42$ - 2.13$),false,Not Healthy
1107,Mighty Good Monthly Home Magazine,2.7,10943660140,18.3,false,Heavy weight,0.89,Mighty Good,3. Meduim (2.13$ - 2.79$),false,Not Healthy
1108,Mighty Good Monthly Fashion Magazine,1.64,75949345231,18.3,true,Heavy weight,0.67,Mighty Good,Standard (1.42$ - 2.13$),false,Not Healthy
1109,Tri-State Summer Squash,0.55,97098380923,19.2,false,Heavy weight,0.24,Tri-State,Cheap (<= 1.42$),false,Not Healthy
1110,Tri-State Corn on the Cob,2.8,41341832280,12.7,false,Meduim weight(<=17.73),1.32,Tri-State,2. HIgh (2.79$ - 4.84$),false,Not Healthy
1111,Tri-State Asparagus,0.78,31728634238,17.9,true,Heavy weight,0.25,Tri-State,Cheap (<= 1.42$),false,Not Healthy
1112,Tri-State Sweet Peas,3.58,35209851861,19.9,false,Heavy weight,1.43,Tri-State,2. HIgh (2.79$ - 4.84$),true,Healthy
1113,Tri-State New Potatos,0.67,60932289958,17.5,false,Meduim weight(<=17.73),0.25,Tri-State,Cheap (<= 1.42$),false,Not Healthy
1114,Tri-State Beets,3.42,33651273846,20.6,true,Heavy weight,1.2,Tri-State,2. HIgh (2.79$ - 4.84$),true,Healthy
1115,Tri-State Prepared Salad,2.5,52513608336,6.66,true,Light weight(<=9.66),0.9,Tri-State,3. Meduim (2.13$ - 2.79$),false,Not Healthy
1116,Tri-State Onions,2.53,91546927094,15.9,true,Meduim weight(<=17.73),0.83,Tri-State,3. Meduim (2.13$ - 2.79$),false,Not Healthy
1117,Tri-State Green Pepper,3.64,79647027850,12,true,Meduim weight(<=17.73),1.42,Tri-State,2. HIgh (2.79$ - 4.84$),true,Healthy
1118,Tri-State Shitake Mushrooms,2.93,56939414143,11.9,true,Meduim weight(<=17.73),1.44,Tri-State,2. HIgh (2.79$ - 4.84$),false,Not Healthy
1119,Tri-State Lettuce,3.17,80375151038,7.66,true,Light weight(<=9.66),1.55,Tri-State,2. HIgh (2.79$ - 4.84$),false,Not Healthy
1120,Tri-State Elephant Garlic,1.71,50807433724,16.1,false,Meduim weight(<=17.73),0.86,Tri-State,Standard (1.42$ - 2.13$),false,Not Healthy
1121,Tri-State Red Pepper,3.87,43480936884,9.55,true,Light weight(<=9.66),1.7,Tri-State,2. HIgh (2.79$ - 4.84$),true,Healthy
1122,Tri-State Garlic,0.74,49248855710,15.2,true,Meduim weight(<=17.73),0.32,Tri-State,Cheap (<= 1.42$),false,Not Healthy
1123,Tri-State Potatos,1.96,11160125136,8.17,false,Light weight(<=9.66),0.92,Tri-State,Standard (1.42$ - 2.13$),true,Healthy
1124,Tri-State Cauliflower,0.81,64948769211,6.63,true,Light weight(<=9.66),0.41,Tri-State,Cheap (<= 1.42$),false,Not Healthy
1125,Tri-State Tomatos,2.21,86097804903,19.6,true,Heavy weight,0.82,Tri-State,3. Meduim (2.13$ - 2.79$),true,Healthy
1126,Tri-State Mushrooms,1.16,30341256260,17.1,true,Meduim weight(<=17.73),0.42,Tri-State,Cheap (<= 1.42$),false,Not Healthy
1127,Tri-State Baby Onion,2.62,20728058218,12.8,false,Meduim weight(<=17.73),1.02,Tri-State,3. Meduim (2.13$ - 2.79$),true,Healthy
1128,Tri-State Dried Mushrooms,2.61,24209275841,17.6,true,Meduim weight(<=17.73),1.04,Tri-State,3. Meduim (2.13$ - 2.79$),false,Not Healthy
1129,Tri-State Fresh Lima Beans,2.43,49931713938,18.8,true,Heavy weight,0.95,Tri-State,3. Meduim (2.13$ - 2.79$),false,Not Healthy
1130,Tri-State Squash,1.55,22650697827,14,true,Meduim weight(<=17.73),0.56,Tri-State,Standard (1.42$ - 2.13$),false,Not Healthy
1131,Tri-State Limes,2.4,41513032317,13.7,false,Meduim weight(<=17.73),1.08,Tri-State,3. Meduim (2.13$ - 2.79$),false,Not Healthy
1132,Tri-State Firm Tofu,1.66,49567652344,13.6,false,Meduim weight(<=17.73),0.51,Tri-State,Standard (1.42$ - 2.13$),false,Not Healthy
1133,Tri-State Almonds,1.54,68382779955,17.5,true,Meduim weight(<=17.73),0.6,Tri-State,Standard (1.42$ - 2.13$),true,Healthy
1134,Tri-State Macintosh Apples,1.82,45675166249,21,true,Heavy weight,0.67,Tri-State,Standard (1.42$ - 2.13$),false,Not Healthy
1135,Tri-State Golden Delcious Apples,1.96,69110903143,7.61,false,Light weight(<=9.66),0.76,Tri-State,Standard (1.42$ - 2.13$),true,Healthy
1136,Tri-State Red Delcious Apples,3.61,15641055703,13.7,true,Meduim weight(<=17.73),1.77,Tri-State,2. HIgh (2.79$ - 4.84$),true,Healthy
1137,Tri-State Lemons,1.77,32216688990,17.1,false,Meduim weight(<=17.73),0.64,Tri-State,Standard (1.42$ - 2.13$),false,Not Healthy
1138,Tri-State Fancy Plums,2.44,37984607815,13.7,true,Meduim weight(<=17.73),0.78,Tri-State,3. Meduim (2.13$ - 2.79$),true,Healthy
1139,Tri-State Plums,2.86,89895877242,9.37,true,Light weight(<=9.66),1.4,Tri-State,2. HIgh (2.79$ - 4.84$),true,Healthy
1140,Tri-State Peaches,2.56,64901562333,10.5,false,Meduim weight(<=17.73),1.08,Tri-State,3. Meduim (2.13$ - 2.79$),true,Healthy
1141,Tri-State Broccoli,1.34,86050598025,10.3,false,Meduim weight(<=17.73),0.66,Tri-State,Cheap (<= 1.42$),false,Not Healthy
1142,Tri-State Mandarin Oranges,2.95,19077008366,15.2,false,Meduim weight(<=17.73),1.36,Tri-State,2. HIgh (2.79$ - 4.84$),true,Healthy
1143,Tri-State Mixed Nuts,1.76,99463810324,8.69,false,Light weight(<=9.66),0.69,Tri-State,Standard (1.42$ - 2.13$),false,Not Healthy
1144,Tri-State Canned Peanuts,0.85,79042897820,21.2,true,Heavy weight,0.31,Tri-State,Cheap (<= 1.42$),false,Not Healthy
1145,Tri-State Sweet Onion,1.57,38667466044,21.4,false,Heavy weight,0.55,Tri-State,Standard (1.42$ - 2.13$),false,Not Healthy
1146,Tri-State Cantelope,2.57,11386449933,18,true,Heavy weight,0.98,Tri-State,3. Meduim (2.13$ - 2.79$),false,Not Healthy
1147,Tri-State Honey Dew,1.42,96346654295,9.62,false,Light weight(<=9.66),0.44,Tri-State,Cheap (<= 1.42$),false,Not Healthy
1148,Tri-State Fuji Apples,2.69,38303404450,13.1,false,Meduim weight(<=17.73),0.83,Tri-State,3. Meduim (2.13$ - 2.79$),false,Not Healthy
1149,Tri-State Walnuts,0.88,92501375079,19.7,false,Heavy weight,0.39,Tri-State,Cheap (<= 1.42$),true,Healthy
1150,Tri-State Oranges,3.19,93695891499,9.1,true,Light weight(<=9.66),1.53,Tri-State,2. HIgh (2.79$ - 4.84$),false,Not Healthy
1151,Tri-State Tangerines,0.62,80544409155,15.6,true,Meduim weight(<=17.73),0.31,Tri-State,Cheap (<= 1.42$),true,Healthy
1152,Tri-State Party Nuts,2.63,27074561715,13.6,true,Meduim weight(<=17.73),1,Tri-State,3. Meduim (2.13$ - 2.79$),false,Not Healthy
1153,Dual City Lox,0.52,43650195002,18.8,true,Heavy weight,0.19,Dual City,Cheap (<= 1.42$),false,Not Healthy
1154,Dual City Scallops,1.7,49418113827,12.7,true,Meduim weight(<=17.73),0.53,Dual City,Standard (1.42$ - 2.13$),false,Not Healthy
1155,Horatio Low Fat Cookies,1.88,11329383254,16.1,false,Meduim weight(<=17.73),0.81,Horatio,Standard (1.42$ - 2.13$),false,Not Healthy
1156,Horatio BBQ Potato Chips,1.82,76335068345,9.16,true,Light weight(<=9.66),0.8,Horatio,Standard (1.42$ - 2.13$),true,Healthy
1157,Horatio Corn Chips,3.36,97484104037,20.4,true,Heavy weight,1.65,Horatio,2. HIgh (2.79$ - 4.84$),false,Not Healthy
1158,Horatio Low Fat BBQ Chips,1.32,41727555394,14.2,false,Meduim weight(<=17.73),0.49,Horatio,Cheap (<= 1.42$),true,Healthy
1159,Horatio Sugar Cookies,3.78,32114357352,16.7,true,Meduim weight(<=17.73),1.4,Horatio,2. HIgh (2.79$ - 4.84$),true,Healthy
1160,Horatio Chocolate Chip Cookies,2.76,90476403832,11,true,Meduim weight(<=17.73),0.88,Horatio,3. Meduim (2.13$ - 2.79$),true,Healthy
1161,Horatio Fudge Cookies,3.59,50100972056,11.8,false,Meduim weight(<=17.73),1.76,Horatio,2. HIgh (2.79$ - 4.84$),false,Not Healthy
1162,Horatio Fudge Brownies,1.59,22819955945,6.18,true,Light weight(<=9.66),0.49,Horatio,Standard (1.42$ - 2.13$),true,Healthy
1163,Horatio Potato Chips,0.82,17780160307,16.4,true,Meduim weight(<=17.73),0.35,Horatio,Cheap (<= 1.42$),false,Not Healthy
1164,Horatio Lemon Cookies,1.71,49736910462,17.1,true,Meduim weight(<=17.73),0.79,Horatio,Standard (1.42$ - 2.13$),true,Healthy
1165,Horatio Graham Crackers,2.82,13934881091,18.3,true,Heavy weight,0.96,Horatio,2. HIgh (2.79$ - 4.84$),false,Not Healthy
1166,Horatio Cheese Crackers,2.21,15129397511,18.5,false,Heavy weight,1.11,Horatio,3. Meduim (2.13$ - 2.79$),false,Not Healthy
1167,Horatio Buttered Popcorn,2.35,38565134406,17.8,true,Heavy weight,1.08,Horatio,3. Meduim (2.13$ - 2.79$),false,Not Healthy
1168,Horatio No Salt Popcorn,3.82,75095286965,18.5,true,Heavy weight,1.68,Horatio,2. HIgh (2.79$ - 4.84$),false,Not Healthy
1169,Horatio Low Fat Popcorn,2.98,32649618983,15.1,false,Meduim weight(<=17.73),1.13,Horatio,2. HIgh (2.79$ - 4.84$),false,Not Healthy
1170,Horatio Salsa Dip,2.65,38417537808,21.8,true,Heavy weight,0.9,Horatio,3. Meduim (2.13$ - 2.79$),false,Not Healthy
1171,Horatio Avocado Dip,3.18,90328807234,12,false,Meduim weight(<=17.73),1.18,Horatio,2. HIgh (2.79$ - 4.84$),true,Healthy
1172,Horatio Salted Pretzels,2.77,65334492325,18.7,false,Heavy weight,1.22,Horatio,3. Meduim (2.13$ - 2.79$),false,Not Healthy
1173,Horatio Cheese Dip,2.31,86483528017,7.04,false,Light weight(<=9.66),1.13,Horatio,3. Meduim (2.13$ - 2.79$),false,Not Healthy
1174,Horatio Fondue Mix,2.27,30726979374,19.6,false,Heavy weight,0.82,Horatio,3. Meduim (2.13$ - 2.79$),false,Not Healthy
1175,Horatio Mini Donuts,1.73,21113781332,7.57,true,Light weight(<=9.66),0.55,Horatio,Standard (1.42$ - 2.13$),false,Not Healthy
1176,Horatio Beef Jerky,1.71,90692868828,9.63,true,Light weight(<=9.66),0.84,Horatio,Standard (1.42$ - 2.13$),true,Healthy
1177,Horatio Chocolate Donuts,1.54,50317437052,8.44,false,Light weight(<=9.66),0.62,Horatio,Standard (1.42$ - 2.13$),true,Healthy
1178,Horatio Low Fat Chips,3.78,11555708050,10.5,false,Meduim weight(<=17.73),1.78,Horatio,2. HIgh (2.79$ - 4.84$),false,Not Healthy
1179,Horatio Sesame Crackers,2.63,96515912413,12.6,false,Meduim weight(<=17.73),1.1,Horatio,3. Meduim (2.13$ - 2.79$),false,Not Healthy
1180,Horatio Frosted Cookies,3.9,38472662568,10.6,true,Meduim weight(<=17.73),1.68,Horatio,2. HIgh (2.79$ - 4.84$),false,Not Healthy
1181,Horatio Dried Apples,1.77,92670633196,20.9,true,Heavy weight,0.64,Horatio,Standard (1.42$ - 2.13$),false,Not Healthy
1182,Horatio Apple Fruit Roll,1.4,69963019490,7.87,false,Light weight(<=9.66),0.59,Horatio,Cheap (<= 1.42$),false,Not Healthy
1183,Horatio Strawberry Fruit Roll,1.54,27300886511,7.71,true,Light weight(<=9.66),0.69,Horatio,Standard (1.42$ - 2.13$),true,Healthy
1184,Horatio Raspberry Fruit Roll,2.84,63831039071,11.1,false,Meduim weight(<=17.73),1.19,Horatio,2. HIgh (2.79$ - 4.84$),true,Healthy
1185,Horatio Grape Fruit Roll,1.35,56504542231,16.4,true,Meduim weight(<=17.73),0.51,Horatio,Cheap (<= 1.42$),false,Not Healthy
1186,Horatio Dried Dates,1.68,62272461056,9.01,true,Light weight(<=9.66),0.55,Horatio,Standard (1.42$ - 2.13$),false,Not Healthy
1187,Horatio Raisins,2.2,12966689467,17.9,true,Heavy weight,1.03,Horatio,3. Meduim (2.13$ - 2.79$),false,Not Healthy
1188,Horatio Golden Raisins,1.79,77972374558,18.6,true,Heavy weight,0.77,Horatio,Standard (1.42$ - 2.13$),true,Healthy
1189,Horatio Dried Apricots,0.76,99121410250,12.4,false,Meduim weight(<=17.73),0.25,Horatio,Cheap (<= 1.42$),false,Not Healthy
1190,Horatio Frosted Donuts,1.3,19462731480,11.8,false,Meduim weight(<=17.73),0.55,Horatio,Cheap (<= 1.42$),true,Healthy
1191,Musial Tasty Candy Bar,2.1,99849533438,19.7,true,Heavy weight,0.95,Musial,Standard (1.42$ - 2.13$),false,Not Healthy
1192,Musial Mint Chocolate Bar,0.98,13330751061,13.5,false,Meduim weight(<=17.73),0.32,Musial,Cheap (<= 1.42$),true,Healthy
1193,Musial Malted Milk Balls,0.89,62955319285,13.8,false,Meduim weight(<=17.73),0.43,Musial,Cheap (<= 1.42$),true,Healthy
1194,Musial Semi-Sweet Chocolate Bar,2.81,11772173047,19.6,false,Heavy weight,1.15,Musial,2. HIgh (2.79$ - 4.84$),false,Not Healthy
1195,Musial Bubble Gum,1.66,30634507536,8.49,true,Light weight(<=9.66),0.56,Musial,Standard (1.42$ - 2.13$),false,Not Healthy
1196,Musial Spicy Mints,2.92,27472086548,14.6,false,Meduim weight(<=17.73),1.26,Musial,2. HIgh (2.79$ - 4.84$),false,Not Healthy
1197,Musial Mints,3.14,81670057177,10.3,false,Meduim weight(<=17.73),1.29,Musial,2. HIgh (2.79$ - 4.84$),false,Not Healthy
1198,Musial White Chocolate Bar,3.43,58962443470,16,false,Meduim weight(<=17.73),1.3,Musial,2. HIgh (2.79$ - 4.84$),false,Not Healthy
1199,Colossal Ravioli,2.56,16300310492,8.6,false,Light weight(<=9.66),1.08,Colossal,3. Meduim (2.13$ - 2.79$),true,Healthy
1200,Colossal Manicotti,1.87,52830463051,14.7,true,Meduim weight(<=17.73),0.58,Colossal,Standard (1.42$ - 2.13$),false,Not Healthy
1201,Colossal Spaghetti,3.37,45503966212,21.9,true,Heavy weight,1.65,Colossal,2. HIgh (2.79$ - 4.84$),false,Not Healthy
1202,Colossal Thai Rice,3.94,51271885037,14.3,true,Meduim weight(<=17.73),1.77,Colossal,2. HIgh (2.79$ - 4.84$),false,Not Healthy
1203,Colossal Rice Medly,1.46,37085284590,15,true,Meduim weight(<=17.73),0.53,Colossal,Standard (1.42$ - 2.13$),true,Healthy
1204,Portsmouth Imported Beer,2.16,78188839554,16.2,true,Meduim weight(<=17.73),0.99,Portsmouth,3. Meduim (2.13$ - 2.79$),false,Not Healthy
1205,Portsmouth Light Wine,2.6,88120834231,19.3,false,Heavy weight,1.07,Portsmouth,3. Meduim (2.13$ - 2.79$),false,Not Healthy
1206,Portsmouth Chardonnay Wine,3.43,98462155461,8.41,false,Light weight(<=9.66),1.23,Portsmouth,2. HIgh (2.79$ - 4.84$),false,Not Healthy
1207,Portsmouth Chablis Wine,1.89,88848957419,21.2,true,Heavy weight,0.76,Portsmouth,Standard (1.42$ - 2.13$),false,Not Healthy
1208,Portsmouth Merlot Wine,2.87,92330175042,10.3,true,Meduim weight(<=17.73),1.41,Portsmouth,2. HIgh (2.79$ - 4.84$),false,Not Healthy
1209,Portsmouth Chardonnay,2.7,51954743266,13.1,true,Meduim weight(<=17.73),0.84,Portsmouth,3. Meduim (2.13$ - 2.79$),false,Not Healthy
1210,Portsmouth White Zinfandel Wine,1.7,90771597027,11.2,true,Meduim weight(<=17.73),0.83,Portsmouth,Standard (1.42$ - 2.13$),false,Not Healthy
1211,Portsmouth Light Beer,3.79,19633931517,16.3,true,Meduim weight(<=17.73),1.74,Portsmouth,2. HIgh (2.79$ - 4.84$),false,Not Healthy
1212,Sphinx Pumpernickel Bread,0.53,27688551545,8.16,true,Light weight(<=9.66),0.22,Sphinx,Cheap (<= 1.42$),true,Healthy
1213,Sphinx White Bread,2.93,15788652300,18.9,true,Heavy weight,1,Sphinx,2. HIgh (2.79$ - 4.84$),false,Not Healthy
1214,Sphinx Rye Bread,1.32,47698195576,17.8,false,Heavy weight,0.58,Sphinx,Cheap (<= 1.42$),false,Not Healthy
1215,Sphinx English Muffins,1.46,95036062598,6.26,true,Light weight(<=9.66),0.5,Sphinx,Standard (1.42$ - 2.13$),true,Healthy
1216,Sphinx Cranberry Muffins,2.11,41566215157,13.8,false,Meduim weight(<=17.73),0.93,Sphinx,Standard (1.42$ - 2.13$),true,Healthy
1217,Sphinx Muffins,1.27,34239718317,18.1,false,Heavy weight,0.61,Sphinx,Cheap (<= 1.42$),false,Not Healthy
1218,Sphinx Bagels,1.83,40007637143,16,true,Meduim weight(<=17.73),0.77,Sphinx,Standard (1.42$ - 2.13$),false,Not Healthy
1219,Sphinx Blueberry Muffins,2.36,91918906569,7.55,true,Light weight(<=9.66),1.11,Sphinx,3. Meduim (2.13$ - 2.79$),true,Healthy
1220,Sphinx Wheat Bread,1.95,66924591660,10.1,true,Meduim weight(<=17.73),0.94,Sphinx,Standard (1.42$ - 2.13$),true,Healthy
1221,Plato Sesame Oil,1.49,88073627352,21.7,false,Heavy weight,0.66,Plato,Standard (1.42$ - 2.13$),true,Healthy
1222,Plato Chunky Peanut Butter,2.45,32317078709,12,true,Meduim weight(<=17.73),0.93,Plato,3. Meduim (2.13$ - 2.79$),true,Healthy
1223,Plato Hot Chocolate,0.59,77584709525,17.3,false,Meduim weight(<=17.73),0.29,Plato,Cheap (<= 1.42$),true,Healthy
1224,Plato Brown Sugar,1.24,81065927147,10.2,false,Meduim weight(<=17.73),0.41,Plato,Cheap (<= 1.42$),false,Not Healthy
1225,Plato White Sugar,1.72,40690495371,11.4,false,Meduim weight(<=17.73),0.74,Plato,Standard (1.42$ - 2.13$),false,Not Healthy
1226,Plato French Roast Coffee,2.96,79507349133,9.43,true,Light weight(<=9.66),1.01,Plato,2. HIgh (2.79$ - 4.84$),false,Not Healthy
1227,Plato Decaf Coffee,2.81,98369683623,6.23,true,Light weight(<=9.66),0.87,Plato,2. HIgh (2.79$ - 4.84$),false,Not Healthy
1228,Plato Regular Coffee,2.19,16424303650,6.78,false,Light weight(<=9.66),0.99,Plato,3. Meduim (2.13$ - 2.79$),false,Not Healthy
1229,Plato Vegetable Oil,1.3,94524404406,14.5,true,Meduim weight(<=17.73),0.44,Plato,Cheap (<= 1.42$),false,Not Healthy
1230,Plato Corn Oil,0.77,71816790699,13.4,true,Meduim weight(<=17.73),0.25,Plato,Cheap (<= 1.42$),true,Healthy
1231,Plato Tomato Sauce,3.71,29154657721,11.8,false,Meduim weight(<=17.73),1.19,Plato,2. HIgh (2.79$ - 4.84$),false,Not Healthy
1232,Plato Canola Oil,1.13,52999721169,7.95,false,Light weight(<=9.66),0.4,Plato,Cheap (<= 1.42$),false,Not Healthy
1233,Plato Grape Preserves,0.73,45673224329,20.9,false,Heavy weight,0.34,Plato,Cheap (<= 1.42$),true,Healthy
1234,Plato Columbian Coffee,0.56,51441143155,16.7,false,Meduim weight(<=17.73),0.25,Plato,Cheap (<= 1.42$),false,Not Healthy
1235,Plato Strawberry Jelly,1.38,13352412581,14.9,true,Meduim weight(<=17.73),0.65,Plato,Cheap (<= 1.42$),false,Not Healthy
1236,Plato Pepper,3.32,78358097672,16.5,true,Meduim weight(<=17.73),1.43,Plato,2. HIgh (2.79$ - 4.84$),true,Healthy
1237,Plato Low Fat Apple Butter,2.75,99507133364,9.02,false,Light weight(<=9.66),1.13,Plato,3. Meduim (2.13$ - 2.79$),true,Healthy
1238,Plato Salt,1.47,43750584721,14.8,true,Meduim weight(<=17.73),0.47,Plato,Standard (1.42$ - 2.13$),true,Healthy
1239,Plato Apple Butter,2.28,34137386679,12.7,true,Meduim weight(<=17.73),0.75,Plato,3. Meduim (2.13$ - 2.79$),false,Not Healthy
1240,Plato Oregano,2.26,92499433159,15.7,true,Meduim weight(<=17.73),0.72,Plato,3. Meduim (2.13$ - 2.79$),false,Not Healthy
1241,Plato Apple Jelly,2.98,28221871256,6.42,false,Light weight(<=9.66),0.95,Plato,2. HIgh (2.79$ - 4.84$),false,Not Healthy
1242,Plato Grape Jam,1.98,90940855145,19.9,false,Heavy weight,0.61,Plato,Standard (1.42$ - 2.13$),false,Not Healthy
1243,Plato Apple Jam,1.18,19803189635,9.7,true,Meduim weight(<=17.73),0.54,Plato,Cheap (<= 1.42$),true,Healthy
1244,Plato Strawberry Jam,1.21,27857809662,19,true,Heavy weight,0.47,Plato,Cheap (<= 1.42$),false,Not Healthy
1245,Plato Creamy Peanut Butter,2.32,15957910418,18.3,false,Heavy weight,0.77,Plato,3. Meduim (2.13$ - 2.79$),true,Healthy
1246,Plato Strawberry Preserves,1.54,83250296711,14.5,true,Meduim weight(<=17.73),0.51,Plato,Standard (1.42$ - 2.13$),false,Not Healthy
1247,Plato Extra Chunky Peanut Butter,1.68,16686033606,19.3,true,Heavy weight,0.6,Plato,Standard (1.42$ - 2.13$),false,Not Healthy
1248,Plato Apple Preserves,3.33,77118316292,12.6,true,Meduim weight(<=17.73),1.07,Plato,2. HIgh (2.79$ - 4.84$),false,Not Healthy
1249,Plato Grape Jelly,1.48,34672648310,9.3,true,Light weight(<=9.66),0.47,Plato,Standard (1.42$ - 2.13$),true,Healthy
1250,Skinner Berry Juice,2.16,40440567135,9.17,false,Light weight(<=9.66),0.73,Skinner,3. Meduim (2.13$ - 2.79$),false,Not Healthy
1251,Skinner Mango Drink,3.58,92351836562,11.4,true,Meduim weight(<=17.73),1.47,Skinner,2. HIgh (2.79$ - 4.84$),false,Not Healthy
1252,Skinner Strawberry Drink,2.28,67357521653,21.8,false,Heavy weight,1,Skinner,3. Meduim (2.13$ - 2.79$),false,Not Healthy
1253,Skinner Cream Soda,1.71,88506557345,8.77,true,Light weight(<=9.66),0.51,Skinner,Standard (1.42$ - 2.13$),false,Not Healthy
1254,Skinner Diet Soda,3.67,32750008702,8.31,true,Light weight(<=9.66),1.61,Skinner,2. HIgh (2.79$ - 4.84$),false,Not Healthy
1255,Skinner Cola,1.24,23136810660,20.7,true,Heavy weight,0.42,Skinner,Cheap (<= 1.42$),false,Not Healthy
1256,Skinner Diet Cola,1.22,26618028283,15.2,true,Meduim weight(<=17.73),0.5,Skinner,Cheap (<= 1.42$),false,Not Healthy
1257,Skinner Orange Juice,1.94,52340466380,7.87,true,Light weight(<=9.66),0.72,Skinner,Standard (1.42$ - 2.13$),false,Not Healthy
1258,Skinner Cranberry Juice,0.61,80731294751,15.2,false,Meduim weight(<=17.73),0.25,Skinner,Cheap (<= 1.42$),false,Not Healthy
1259,Skinner Apple Juice,2.14,99593629240,14.7,true,Meduim weight(<=17.73),0.94,Skinner,3. Meduim (2.13$ - 2.79$),false,Not Healthy
1260,Skinner Apple Drink,0.67,17648249268,7.11,false,Light weight(<=9.66),0.33,Skinner,Cheap (<= 1.42$),true,Healthy
1261,Johnson Oatmeal,0.6,95748350024,18.3,true,Heavy weight,0.29,Johnson,Cheap (<= 1.42$),true,Healthy
1262,Johnson Corn Puffs,0.76,73040736317,11.1,false,Meduim weight(<=17.73),0.27,Johnson,Cheap (<= 1.42$),true,Healthy
1263,Johnson Wheat Puffs,0.83,96476473212,10.5,false,Meduim weight(<=17.73),0.28,Johnson,Cheap (<= 1.42$),true,Healthy
1264,Johnson Grits,2.35,43006625771,21.2,false,Heavy weight,1.03,Johnson,3. Meduim (2.13$ - 2.79$),true,Healthy
1265,Pleasant Canned Beets,0.72,59582259058,9.71,true,Meduim weight(<=17.73),0.26,Pleasant,Cheap (<= 1.42$),false,Not Healthy
1266,Pleasant Creamed Corn,1.18,65350177884,10,false,Meduim weight(<=17.73),0.47,Pleasant,Cheap (<= 1.42$),false,Not Healthy
1267,Pleasant Canned String Beans,1.6,16044406294,7.5,true,Light weight(<=9.66),0.67,Pleasant,Standard (1.42$ - 2.13$),false,Not Healthy
1268,Pleasant Chicken Soup,1.3,81050091385,20.5,false,Heavy weight,0.59,Pleasant,Cheap (<= 1.42$),true,Healthy
1269,Pleasant Canned Yams,3.97,12199127078,11.5,false,Meduim weight(<=17.73),1.51,Pleasant,2. HIgh (2.79$ - 4.84$),false,Not Healthy
1270,Pleasant Vegetable Soup,2.69,46442578434,20.5,true,Heavy weight,1.02,Pleasant,3. Meduim (2.13$ - 2.79$),false,Not Healthy
1271,Pleasant Canned Tomatos,3.5,36829380393,6.12,true,Light weight(<=9.66),1.68,Pleasant,2. HIgh (2.79$ - 4.84$),true,Healthy
1272,Pleasant Noodle Soup,2.48,16408467888,18.2,false,Heavy weight,0.89,Pleasant,3. Meduim (2.13$ - 2.79$),true,Healthy
1273,Pleasant Regular Ramen Soup,3.31,66033036112,12.5,true,Meduim weight(<=17.73),1.09,Pleasant,2. HIgh (2.79$ - 4.84$),true,Healthy
1274,Pleasant Chicken Noodle Soup,1.31,38752020001,20.2,true,Heavy weight,0.55,Pleasant,Cheap (<= 1.42$),false,Not Healthy
1275,Pleasant Turkey Noodle Soup,1.17,33712224364,13.5,true,Meduim weight(<=17.73),0.48,Pleasant,Cheap (<= 1.42$),false,Not Healthy
1276,Pleasant Beef Soup,1.43,96647673249,16.9,true,Meduim weight(<=17.73),0.57,Pleasant,Standard (1.42$ - 2.13$),false,Not Healthy
1277,Pleasant Canned Peas,2.54,60845643877,19.9,true,Heavy weight,1.27,Pleasant,3. Meduim (2.13$ - 2.79$),false,Not Healthy
1278,Pleasant Chicken Ramen Soup,2.82,62040160298,20.2,true,Heavy weight,1.27,Pleasant,2. HIgh (2.79$ - 4.84$),true,Healthy
1279,Pleasant Canned Tuna in Water,2.96,85475897192,6.41,true,Light weight(<=9.66),0.95,Pleasant,2. HIgh (2.79$ - 4.84$),false,Not Healthy
1280,Pleasant Canned Tuna in Oil,1.37,32006049752,8.91,true,Light weight(<=9.66),0.67,Pleasant,Cheap (<= 1.42$),false,Not Healthy
1281,Pleasant Large Canned Shrimp,2.77,48581683039,16,false,Meduim weight(<=17.73),0.89,Pleasant,3. Meduim (2.13$ - 2.79$),true,Healthy
1282,Pleasant Fancy Canned Anchovies,3.44,54349601864,9.42,true,Light weight(<=9.66),1.14,Pleasant,2. HIgh (2.79$ - 4.84$),true,Healthy
1283,Pleasant Fancy Canned Clams,0.79,16260871291,9.65,true,Light weight(<=9.66),0.3,Pleasant,Cheap (<= 1.42$),false,Not Healthy
1284,Pleasant Fancy Canned Oysters,2.43,81266556382,8.46,false,Light weight(<=9.66),1.17,Pleasant,3. Meduim (2.13$ - 2.79$),false,Not Healthy
1285,Pleasant Fancy Canned Sardines,1.87,91198551058,13.2,true,Meduim weight(<=17.73),0.69,Pleasant,Standard (1.42$ - 2.13$),true,Healthy
1286,Pleasant Rice Soup,0.9,35442002415,14,true,Meduim weight(<=17.73),0.41,Pleasant,Cheap (<= 1.42$),true,Healthy
1287,Toucan Canned Mixed Fruit,1.4,25828804373,17.9,true,Heavy weight,0.63,Toucan,Cheap (<= 1.42$),true,Healthy
1288,Toucan Canned Peaches,1.38,95407891869,16.8,false,Meduim weight(<=17.73),0.63,Toucan,Cheap (<= 1.42$),false,Not Healthy
1289,Toretti Rosy Sunglasses,1.21,55032460093,18.9,false,Heavy weight,0.54,Toretti,Cheap (<= 1.42$),false,Not Healthy
1290,Framton Eyeglass Screwdriver,3.21,27751443982,19.8,true,Heavy weight,1.41,Framton,2. HIgh (2.79$ - 4.84$),false,Not Healthy
1291,Framton City Map,2.3,22711648344,20.7,true,Heavy weight,1.1,Framton,3. Meduim (2.13$ - 2.79$),false,Not Healthy
1292,Booker Low Fat Cottage Cheese,3.33,54668398499,18.5,false,Heavy weight,1.6,Booker,2. HIgh (2.79$ - 4.84$),false,Not Healthy
1293,Booker Low Fat Sour Cream,1.44,49581395983,8.25,false,Light weight(<=9.66),0.46,Booker,Standard (1.42$ - 2.13$),true,Healthy
1294,Booker Sour Cream,1.72,50775912404,6.75,true,Light weight(<=9.66),0.77,Booker,Standard (1.42$ - 2.13$),true,Healthy
1295,Booker Jack Cheese,1.85,74211649298,14.8,true,Meduim weight(<=17.73),0.93,Booker,Standard (1.42$ - 2.13$),false,Not Healthy
1296,Booker Muenster Cheese,2.51,20741801857,14.1,true,Meduim weight(<=17.73),0.95,Booker,3. Meduim (2.13$ - 2.79$),false,Not Healthy
1297,Booker String Cheese,1.66,37317435145,21.6,true,Heavy weight,0.53,Booker,Standard (1.42$ - 2.13$),false,Not Healthy
1298,Booker Low Fat String Cheese,1.34,43085353970,6.3,true,Light weight(<=9.66),0.43,Booker,Cheap (<= 1.42$),false,Not Healthy
1299,Booker Havarti Cheese,2.76,94996623396,13.8,true,Meduim weight(<=17.73),1.16,Booker,3. Meduim (2.13$ - 2.79$),true,Healthy
1300,Booker Head Cheese,1.45,70002308487,17.3,true,Meduim weight(<=17.73),0.54,Booker,Standard (1.42$ - 2.13$),false,Not Healthy
1301,Booker Cheese Spread,0.94,91151344180,8.42,true,Light weight(<=9.66),0.43,Booker,Cheap (<= 1.42$),false,Not Healthy
1302,Booker Sharp Cheddar Cheese,1.85,24177754521,11.9,true,Meduim weight(<=17.73),0.74,Booker,Standard (1.42$ - 2.13$),true,Healthy
1303,Booker Mild Cheddar Cheese,0.68,14564556479,12.2,false,Meduim weight(<=17.73),0.25,Booker,Cheap (<= 1.42$),false,Not Healthy
1304,Booker Large Curd Cottage Cheese,0.67,84143643975,7.43,false,Light weight(<=9.66),0.23,Booker,Cheap (<= 1.42$),true,Healthy
1305,Booker 2% Milk,0.57,43768212199,16.3,false,Meduim weight(<=17.73),0.28,Booker,Cheap (<= 1.42$),false,Not Healthy
1306,Booker Buttermilk,2.47,16487196087,13.1,false,Meduim weight(<=17.73),0.86,Booker,3. Meduim (2.13$ - 2.79$),false,Not Healthy
1307,Booker Chocolate Milk,1.32,11447400450,18.6,true,Heavy weight,0.55,Booker,Cheap (<= 1.42$),false,Not Healthy
1308,Booker 1% Milk,2.58,43404150605,18.3,false,Heavy weight,1.16,Booker,3. Meduim (2.13$ - 2.79$),false,Not Healthy
1309,Booker Whole Milk,3.46,97602121233,15.1,true,Meduim weight(<=17.73),1.28,Booker,2. HIgh (2.79$ - 4.84$),false,Not Healthy
1310,Booker Strawberry Yogurt,3.98,74894507527,20.9,false,Heavy weight,1.27,Booker,2. HIgh (2.79$ - 4.84$),false,Not Healthy
1311,Booker Blueberry Yogurt,3.22,85645155310,21.7,false,Heavy weight,1.19,Booker,2. HIgh (2.79$ - 4.84$),true,Healthy
1312,Lake Chicken Hot Dogs,1.53,32175307869,12.3,false,Meduim weight(<=17.73),0.75,Lake,Standard (1.42$ - 2.13$),true,Healthy
1313,Lake Pimento Loaf,3.92,24848811030,19.4,true,Heavy weight,1.92,Lake,2. HIgh (2.79$ - 4.84$),true,Healthy
1314,Lake Beef Bologna,0.64,30616729855,7.79,true,Light weight(<=9.66),0.26,Lake,Cheap (<= 1.42$),true,Healthy
1315,Lake Low Fat Bologna,1.78,16430129408,14.4,false,Meduim weight(<=17.73),0.75,Lake,Standard (1.42$ - 2.13$),true,Healthy
1316,Lake Turkey Hot Dogs,0.71,81435814499,17,true,Meduim weight(<=17.73),0.22,Lake,Cheap (<= 1.42$),true,Healthy
1317,Lake Foot-Long Hot Dogs,2.26,12584850192,9.54,true,Light weight(<=9.66),0.95,Lake,3. Meduim (2.13$ - 2.79$),true,Healthy
1318,Lake Low Fat Cole Slaw,0.93,22926171422,14.4,true,Meduim weight(<=17.73),0.34,Lake,Cheap (<= 1.42$),false,Not Healthy
1319,Lake Cole Slaw,1.68,92095932364,13.2,false,Meduim weight(<=17.73),0.59,Lake,Standard (1.42$ - 2.13$),true,Healthy
1320,Lake Roasted Chicken,2.66,95577149987,21.2,false,Heavy weight,1.2,Lake,3. Meduim (2.13$ - 2.79$),true,Healthy
1321,Lake Corned Beef,2.49,55201718211,16.9,true,Meduim weight(<=17.73),1,Lake,3. Meduim (2.13$ - 2.79$),false,Not Healthy
1322,Lake Sliced Turkey,3.2,94018571972,6.66,false,Light weight(<=9.66),1.02,Lake,2. HIgh (2.79$ - 4.84$),true,Healthy
1323,Lake Sliced Ham,2.94,22880906462,10.5,true,Meduim weight(<=17.73),1.03,Lake,2. HIgh (2.79$ - 4.84$),true,Healthy
1324,Lake Potato Salad,3.31,54837656617,13.5,false,Meduim weight(<=17.73),1.46,Lake,2. HIgh (2.79$ - 4.84$),false,Not Healthy
1325,Lake Sliced Chicken,1.43,19035627245,12.8,false,Meduim weight(<=17.73),0.7,Lake,Standard (1.42$ - 2.13$),true,Healthy
1326,Giant Small Brown Eggs,1.71,86328013539,9.05,false,Light weight(<=9.66),0.77,Giant,Standard (1.42$ - 2.13$),true,Healthy
1327,Giant Large Brown Eggs,3.84,43665880560,18.8,false,Heavy weight,1.61,Giant,2. HIgh (2.79$ - 4.84$),false,Not Healthy
1328,Giant Small Eggs,2.26,21174731850,12.2,false,Meduim weight(<=17.73),0.75,Giant,3. Meduim (2.13$ - 2.79$),true,Healthy
1329,Giant Large Eggs,1.65,13848235011,19.8,true,Heavy weight,0.78,Giant,Standard (1.42$ - 2.13$),true,Healthy
1330,Giant Egg Substitute,1.33,19616153836,10.9,true,Meduim weight(<=17.73),0.48,Giant,Cheap (<= 1.42$),true,Healthy
1331,Carrington Low Fat Waffles,2.74,95429553389,10.3,true,Meduim weight(<=17.73),0.85,Carrington,3. Meduim (2.13$ - 2.79$),false,Not Healthy
1332,Carrington Orange Popsicles,0.69,46533108353,14.7,true,Meduim weight(<=17.73),0.21,Carrington,Cheap (<= 1.42$),false,Not Healthy
1333,Carrington Frozen Chicken Breast,0.93,91584274172,9.92,true,Meduim weight(<=17.73),0.43,Carrington,Cheap (<= 1.42$),true,Healthy
1334,Carrington Frozen Pancakes,1.84,11925595402,19.7,true,Heavy weight,0.55,Carrington,Standard (1.42$ - 2.13$),false,Not Healthy
1335,Carrington Low Fat French Fries,2.41,92312397360,8.15,false,Light weight(<=9.66),0.94,Carrington,3. Meduim (2.13$ - 2.79$),false,Not Healthy
1336,Carrington Frozen Sausage Pizza,3.39,95793614983,18.8,true,Heavy weight,1.53,Carrington,2. HIgh (2.79$ - 4.84$),false,Not Healthy
1337,Carrington Blueberry Waffles,0.57,20035340189,7.64,false,Light weight(<=9.66),0.21,Carrington,Cheap (<= 1.42$),true,Healthy
1338,Carrington Fajita French Fries,2.22,58852193951,16.1,true,Meduim weight(<=17.73),0.67,Carrington,3. Meduim (2.13$ - 2.79$),false,Not Healthy
1339,Carrington Waffles,1.31,77714528441,10.4,true,Meduim weight(<=17.73),0.5,Carrington,Cheap (<= 1.42$),true,Healthy
1340,Carrington Frozen Pepperoni Pizza,2.57,85769148468,12.1,true,Meduim weight(<=17.73),1.18,Carrington,3. Meduim (2.13$ - 2.79$),true,Healthy
1341,Carrington Frozen Cheese Pizza,3.45,73869249224,19.2,true,Heavy weight,1.66,Carrington,2. HIgh (2.79$ - 4.84$),true,Healthy
1342,Carrington Frozen Mushroom Pizza,3.73,51161635518,18.5,false,Heavy weight,1.34,Carrington,2. HIgh (2.79$ - 4.84$),false,Not Healthy
1343,Carrington Apple Cinnamon Waffles,2.87,98499502539,13.7,true,Meduim weight(<=17.73),0.89,Carrington,2. HIgh (2.79$ - 4.84$),true,Healthy
1344,Carrington Frozen Carrots,1.52,45029655098,9.89,true,Meduim weight(<=17.73),0.58,Carrington,Standard (1.42$ - 2.13$),false,Not Healthy
1345,Carrington Turkey TV Dinner,3.68,37703158259,10.2,false,Meduim weight(<=17.73),1.77,Carrington,2. HIgh (2.79$ - 4.84$),true,Healthy
1346,Carrington Chicken TV Dinner,2.35,98351905941,9.06,true,Light weight(<=9.66),0.89,Carrington,3. Meduim (2.13$ - 2.79$),false,Not Healthy
1347,Carrington Beef TV Dinner,1.77,60263175368,21.2,true,Heavy weight,0.83,Carrington,Standard (1.42$ - 2.13$),true,Healthy
1348,Carrington Pancake Mix,2.47,35268860459,14.5,false,Meduim weight(<=17.73),0.91,Carrington,3. Meduim (2.13$ - 2.79$),true,Healthy
1349,Carrington Grape Popsicles,2.9,56417896151,12.5,false,Meduim weight(<=17.73),1.13,Carrington,2. HIgh (2.79$ - 4.84$),true,Healthy
1350,Carrington Home Style French Fries,0.92,90661347508,6.87,false,Light weight(<=9.66),0.45,Carrington,Cheap (<= 1.42$),false,Not Healthy
1351,Carrington Lime Popsicles,1.67,81048149466,20.2,false,Heavy weight,0.62,Carrington,Standard (1.42$ - 2.13$),false,Not Healthy
1352,Carrington Ice Cream,2.65,84529367089,17.7,true,Meduim weight(<=17.73),1.19,Carrington,3. Meduim (2.13$ - 2.79$),true,Healthy
1353,Carrington Ice Cream Sandwich,2.24,44153935313,13.9,true,Meduim weight(<=17.73),1.03,Carrington,3. Meduim (2.13$ - 2.79$),false,Not Healthy
1354,Carrington Frozen Cauliflower,1.48,47851617932,9.18,false,Light weight(<=9.66),0.55,Carrington,Standard (1.42$ - 2.13$),false,Not Healthy
1355,Carrington Frozen Broccoli,0.63,66713952422,17.2,true,Meduim weight(<=17.73),0.24,Carrington,Cheap (<= 1.42$),false,Not Healthy
1356,Carrington Frozen Corn,1.6,74768572449,11.9,false,Meduim weight(<=17.73),0.66,Carrington,Standard (1.42$ - 2.13$),false,Not Healthy
1357,Carrington Frozen Peas,2.71,62868673205,21.8,true,Heavy weight,1.19,Carrington,3. Meduim (2.13$ - 2.79$),true,Healthy
1358,Carrington Popsicles,2.1,40161059498,11.5,false,Meduim weight(<=17.73),0.97,Carrington,Standard (1.42$ - 2.13$),false,Not Healthy
1359,Carrington Frozen Chicken Thighs,1.24,87498926520,21.5,true,Heavy weight,0.55,Carrington,Cheap (<= 1.42$),true,Healthy
1360,Carrington Frozen Chicken Wings,2.42,34029079079,9.4,false,Light weight(<=9.66),1.09,Carrington,3. Meduim (2.13$ - 2.79$),true,Healthy
1361,Carrington Lemon Popsicles,1.81,26702582240,11.5,true,Meduim weight(<=17.73),0.58,Carrington,Standard (1.42$ - 2.13$),false,Not Healthy
1362,Hilltop Silky Smooth Hair Conditioner,1.49,87351329922,13.1,false,Meduim weight(<=17.73),0.46,Hilltop,Standard (1.42$ - 2.13$),false,Not Healthy
1363,Hilltop Tartar Control Toothpaste,2.66,49262599349,8.5,false,Light weight(<=9.66),0.82,Hilltop,3. Meduim (2.13$ - 2.79$),false,Not Healthy
1364,Hilltop Whitening Toothpast,1.6,24268284440,19.8,true,Heavy weight,0.53,Hilltop,Standard (1.42$ - 2.13$),false,Not Healthy
1365,Hilltop Toothpaste,0.53,45417320132,6.18,true,Light weight(<=9.66),0.24,Hilltop,Cheap (<= 1.42$),false,Not Healthy
1366,Hilltop Deodorant,2.76,79660771489,17.2,false,Meduim weight(<=17.73),1.32,Hilltop,3. Meduim (2.13$ - 2.79$),false,Not Healthy
1367,Hilltop Conditioning Shampoo,3.57,70047573447,16.3,false,Meduim weight(<=17.73),1.79,Hilltop,2. HIgh (2.79$ - 4.84$),false,Not Healthy
1368,Hilltop Extra Moisture Shampoo,3.55,73528791069,18.6,true,Heavy weight,1.24,Hilltop,2. HIgh (2.79$ - 4.84$),false,Not Healthy
1369,Hilltop Angled Toothbrush,3.38,99251229166,13.7,true,Meduim weight(<=17.73),1.08,Hilltop,2. HIgh (2.79$ - 4.84$),false,Not Healthy
1370,Hilltop Apricot Shampoo,2.38,71970213055,16,true,Meduim weight(<=17.73),1.17,Hilltop,3. Meduim (2.13$ - 2.79$),false,Not Healthy
1371,Hilltop Childrens Aspirin,2.47,78147458434,6.4,true,Light weight(<=9.66),1.01,Hilltop,3. Meduim (2.13$ - 2.79$),false,Not Healthy
1372,Hilltop Buffered Aspirin,2.49,86202078461,6.49,true,Light weight(<=9.66),0.95,Hilltop,3. Meduim (2.13$ - 2.79$),false,Not Healthy
1373,Hilltop 200 MG Ibuprofen,3.6,74302179217,8.77,true,Light weight(<=9.66),1.37,Hilltop,2. HIgh (2.79$ - 4.84$),false,Not Healthy
1374,Hilltop 200 MG Acetominifen,2.89,51594565510,18.9,true,Heavy weight,1.42,Hilltop,2. HIgh (2.79$ - 4.84$),false,Not Healthy
1375,Hilltop HCL Nasal Spray,2.13,75030302405,21.1,true,Heavy weight,0.77,Hilltop,Standard (1.42$ - 2.13$),false,Not Healthy
1376,Hilltop Dishwasher Detergent,1.68,45462585091,21.5,true,Heavy weight,0.79,Hilltop,Standard (1.42$ - 2.13$),false,Not Healthy
1377,Hilltop Multi-Symptom Cold Remedy,2.83,38136088252,10.6,true,Meduim weight(<=17.73),1.33,Hilltop,2. HIgh (2.79$ - 4.84$),false,Not Healthy
1378,Hilltop Childrens Cold Remedy,0.73,43904007077,12.9,true,Meduim weight(<=17.73),0.37,Hilltop,Cheap (<= 1.42$),false,Not Healthy
1379,Hilltop Laundry Detergent,1.92,95815276503,9.26,false,Light weight(<=9.66),0.94,Hilltop,Standard (1.42$ - 2.13$),false,Not Healthy
1380,Hilltop Mint Mouthwash,3.62,35438118577,19.3,false,Heavy weight,1.41,Hilltop,2. HIgh (2.79$ - 4.84$),false,Not Healthy
1381,Sunset 60 Watt Lightbulb,2.17,56587154269,21.6,false,Heavy weight,1.06,Sunset,3. Meduim (2.13$ - 2.79$),false,Not Healthy
1382,Sunset Plastic Forks,1.13,90830605626,21.7,true,Heavy weight,0.51,Sunset,Cheap (<= 1.42$),false,Not Healthy
1383,Sunset Plastic Spoons,2.59,81217407584,19,false,Heavy weight,1.06,Sunset,3. Meduim (2.13$ - 2.79$),false,Not Healthy
1384,Sunset Plastic Knives,2.57,84698625206,13.1,false,Meduim weight(<=17.73),1.21,Sunset,3. Meduim (2.13$ - 2.79$),false,Not Healthy
1385,Sunset C-Size Batteries,2.4,20421063303,14.5,true,Meduim weight(<=17.73),0.77,Sunset,3. Meduim (2.13$ - 2.79$),false,Not Healthy
1386,Sunset 100 Watt Lightbulb,1.64,83140047192,16.7,true,Meduim weight(<=17.73),0.56,Sunset,Standard (1.42$ - 2.13$),false,Not Healthy
1387,Sunset AAA-Size Batteries,3.49,12002381682,10.9,true,Meduim weight(<=17.73),1.15,Sunset,2. HIgh (2.79$ - 4.84$),false,Not Healthy
1388,Sunset Paper Plates,1.75,20057001709,13.2,true,Meduim weight(<=17.73),0.75,Sunset,Standard (1.42$ - 2.13$),false,Not Healthy
1389,Sunset Paper Cups,2.63,63037931323,13.6,true,Meduim weight(<=17.73),0.89,Sunset,3. Meduim (2.13$ - 2.79$),false,Not Healthy
1390,Sunset 75 Watt Lightbulb,1.91,40330317616,18.7,true,Heavy weight,0.88,Sunset,Standard (1.42$ - 2.13$),false,Not Healthy
1391,Sunset Toilet Bowl Cleaner,1.16,63766054511,20.9,true,Heavy weight,0.49,Sunset,Cheap (<= 1.42$),false,Not Healthy
1392,Sunset Counter Cleaner,0.83,10296207070,21,false,Heavy weight,0.4,Sunset,Cheap (<= 1.42$),false,Not Healthy
1393,Sunset Glass Cleaner,1.85,26871840357,16.4,true,Meduim weight(<=17.73),0.81,Sunset,Standard (1.42$ - 2.13$),false,Not Healthy
1394,Sunset 25 Watt Lightbulb,2.53,32639759182,18.7,true,Heavy weight,0.99,Sunset,3. Meduim (2.13$ - 2.79$),false,Not Healthy
1395,Sunset AA-Size Batteries,2.95,84551028609,17.9,true,Heavy weight,1.3,Sunset,2. HIgh (2.79$ - 4.84$),false,Not Healthy
1396,Sunset D-Size Batteries,2.65,59556713700,15.1,false,Meduim weight(<=17.73),1.14,Sunset,3. Meduim (2.13$ - 2.79$),false,Not Healthy
1397,Sunset Paper Towels,1.43,45586578249,10.2,false,Meduim weight(<=17.73),0.54,Sunset,Standard (1.42$ - 2.13$),false,Not Healthy
1398,Sunset Soft Napkins,3.15,79830029606,9.38,true,Light weight(<=9.66),1.07,Sunset,2. HIgh (2.79$ - 4.84$),false,Not Healthy
1399,Sunset Scented Tissue,1.78,70216831564,11.6,true,Meduim weight(<=17.73),0.53,Sunset,Standard (1.42$ - 2.13$),false,Not Healthy
1400,Sunset Toilet Paper,0.86,49795919060,8,false,Light weight(<=9.66),0.39,Sunset,Cheap (<= 1.42$),false,Not Healthy
1401,Sunset Tissues,1.59,99420487284,10.2,false,Meduim weight(<=17.73),0.65,Sunset,Standard (1.42$ - 2.13$),false,Not Healthy
1402,Sunset Scented Toilet Tissue,2.59,72139471173,9.43,false,Light weight(<=9.66),1.17,Sunset,3. Meduim (2.13$ - 2.79$),false,Not Healthy
1403,Sunset Room Freshener,2.44,67099675536,15.7,true,Meduim weight(<=17.73),0.93,Sunset,3. Meduim (2.13$ - 2.79$),false,Not Healthy
1404,Sunset Frying Pan,2.71,99056425690,18,false,Heavy weight,1.27,Sunset,3. Meduim (2.13$ - 2.79$),false,Not Healthy
1405,Sunset Copper Cleaner,0.89,63254396319,17.2,false,Meduim weight(<=17.73),0.33,Sunset,Cheap (<= 1.42$),false,Not Healthy
1406,Sunset Bees Wax Candles,0.56,29329741597,12.2,true,Meduim weight(<=17.73),0.24,Sunset,Cheap (<= 1.42$),false,Not Healthy
1407,Sunset Silver Cleaner,0.63,52765478491,14.5,true,Meduim weight(<=17.73),0.25,Sunset,Cheap (<= 1.42$),false,Not Healthy
1408,Sunset Copper Pot Scrubber,2.65,89295631051,9.92,false,Meduim weight(<=17.73),1.01,Sunset,3. Meduim (2.13$ - 2.79$),false,Not Healthy
1409,Sunset Economy Toilet Brush,0.53,15871264338,7.18,false,Light weight(<=9.66),0.16,Sunset,Cheap (<= 1.42$),false,Not Healthy
1410,Sunset Scissors,1.72,21639183163,17.3,false,Meduim weight(<=17.73),0.53,Sunset,Standard (1.42$ - 2.13$),false,Not Healthy
1411,Sunset Large Sponge,1.9,73550452589,17.4,true,Meduim weight(<=17.73),0.59,Sunset,Standard (1.42$ - 2.13$),false,Not Healthy
1412,Sunset Screw Driver,1.83,48556137681,19.6,true,Heavy weight,0.75,Sunset,Standard (1.42$ - 2.13$),false,Not Healthy
1413,Gerolli Extra Lean Hamburger,3.38,69705173373,13.8,true,Meduim weight(<=17.73),1.32,Gerolli,2. HIgh (2.79$ - 4.84$),true,Healthy
1414,Gerolli Seasoned Hamburger,1.34,13948624730,19.5,true,Heavy weight,0.66,Gerolli,Cheap (<= 1.42$),false,Not Healthy
1415,Gauss Monthly Sports Magazine,3.8,83909401297,13.7,true,Meduim weight(<=17.73),1.33,Gauss,2. HIgh (2.79$ - 4.84$),false,Not Healthy
1416,Gauss Monthly Auto Magazine,2.78,63488488793,16.1,true,Meduim weight(<=17.73),1.03,Gauss,3. Meduim (2.13$ - 2.79$),false,Not Healthy
1417,Gauss Monthly Computer Magazine,3.61,23113057017,15.6,false,Meduim weight(<=17.73),1.73,Gauss,2. HIgh (2.79$ - 4.84$),false,Not Healthy
1418,Gauss Monthly Home Magazine,1.61,85832040905,13.3,false,Meduim weight(<=17.73),0.74,Gauss,Standard (1.42$ - 2.13$),false,Not Healthy
1419,Gauss Monthly Fashion Magazine,0.83,80792245268,15.7,true,Meduim weight(<=17.73),0.27,Gauss,Cheap (<= 1.42$),false,Not Healthy
1420,Hermanos Summer Squash,1.73,22748995423,15.2,false,Meduim weight(<=17.73),0.8,Hermanos,Standard (1.42$ - 2.13$),true,Healthy
1421,Hermanos Corn on the Cob,2.84,76946966052,13.7,false,Meduim weight(<=17.73),1.39,Hermanos,2. HIgh (2.79$ - 4.84$),true,Healthy
1422,Hermanos Asparagus,2.23,78141482472,8.02,true,Light weight(<=9.66),1.12,Hermanos,3. Meduim (2.13$ - 2.79$),false,Not Healthy
1423,Hermanos Sweet Peas,2.37,42555918097,14.1,false,Meduim weight(<=17.73),1.11,Hermanos,3. Meduim (2.13$ - 2.79$),true,Healthy
1424,Hermanos New Potatos,3.91,79086070656,17.2,true,Meduim weight(<=17.73),1.25,Hermanos,2. HIgh (2.79$ - 4.84$),false,Not Healthy
1425,Hermanos Beets,2.18,95661703944,18.3,false,Heavy weight,0.72,Hermanos,3. Meduim (2.13$ - 2.79$),false,Not Healthy
1426,Hermanos Prepared Salad,3.74,11429622769,13.1,false,Meduim weight(<=17.73),1.76,Hermanos,2. HIgh (2.79$ - 4.84$),true,Healthy
1427,Hermanos Onions,3.27,63340892195,16.1,true,Meduim weight(<=17.73),1.34,Hermanos,2. HIgh (2.79$ - 4.84$),false,Not Healthy
1428,Hermanos Green Pepper,3.86,38346577286,17.3,false,Meduim weight(<=17.73),1.27,Hermanos,2. HIgh (2.79$ - 4.84$),false,Not Healthy
1429,Hermanos Shitake Mushrooms,2.4,59495612978,7.06,true,Light weight(<=9.66),1.2,Hermanos,3. Meduim (2.13$ - 2.79$),false,Not Healthy
1430,Hermanos Lettuce,3.36,93739064335,18.7,true,Heavy weight,1.18,Hermanos,2. HIgh (2.79$ - 4.84$),true,Healthy
1431,Hermanos Elephant Garlic,2.82,84125866293,9.75,true,Meduim weight(<=17.73),0.87,Hermanos,2. HIgh (2.79$ - 4.84$),true,Healthy
1432,Hermanos Red Pepper,1.8,52487912774,8.22,false,Light weight(<=9.66),0.59,Hermanos,Standard (1.42$ - 2.13$),false,Not Healthy
1433,Hermanos Garlic,2.63,12112480998,16.2,false,Meduim weight(<=17.73),1.32,Hermanos,3. Meduim (2.13$ - 2.79$),true,Healthy
1434,Hermanos Potatos,0.93,74831464886,18.3,true,Heavy weight,0.47,Hermanos,Cheap (<= 1.42$),true,Healthy
1435,Hermanos Cauliflower,2.72,69791669249,17.2,false,Meduim weight(<=17.73),1.25,Hermanos,3. Meduim (2.13$ - 2.79$),true,Healthy
1436,Hermanos Tomatos,0.92,11748419404,13.8,true,Meduim weight(<=17.73),0.37,Hermanos,Cheap (<= 1.42$),true,Healthy
1437,Hermanos Mushrooms,1.74,65946390032,11.3,false,Meduim weight(<=17.73),0.73,Hermanos,Standard (1.42$ - 2.13$),true,Healthy
1438,Hermanos Baby Onion,1.37,43238776326,8.33,false,Light weight(<=9.66),0.67,Hermanos,Cheap (<= 1.42$),false,Not Healthy
1439,Hermanos Dried Mushrooms,1.5,90576643347,9.99,false,Meduim weight(<=17.73),0.75,Hermanos,Standard (1.42$ - 2.13$),false,Not Healthy
1440,Hermanos Fresh Lima Beans,2.81,37106795907,10.7,false,Meduim weight(<=17.73),1.1,Hermanos,2. HIgh (2.79$ - 4.84$),false,Not Healthy
1441,Hermanos Squash,1.31,83193079829,14.6,true,Meduim weight(<=17.73),0.64,Hermanos,Cheap (<= 1.42$),false,Not Healthy
1442,Hermanos Limes,1.64,88960998654,17.2,false,Meduim weight(<=17.73),0.72,Hermanos,Standard (1.42$ - 2.13$),false,Not Healthy
1443,Hermanos Firm Tofu,2.17,74774398207,6.96,true,Light weight(<=9.66),0.87,Hermanos,3. Meduim (2.13$ - 2.79$),true,Healthy
1444,Hermanos Almonds,1.76,49780083298,11.2,true,Meduim weight(<=17.73),0.63,Hermanos,Standard (1.42$ - 2.13$),true,Healthy
1445,Hermanos Macintosh Apples,0.74,70929118990,8.69,false,Light weight(<=9.66),0.27,Hermanos,Cheap (<= 1.42$),false,Not Healthy
1446,Hermanos Golden Delcious Apples,1.26,81270440220,7.09,false,Light weight(<=9.66),0.4,Hermanos,Cheap (<= 1.42$),false,Not Healthy
1447,Hermanos Red Delcious Apples,2.96,71657242178,16.5,false,Meduim weight(<=17.73),1.18,Hermanos,2. HIgh (2.79$ - 4.84$),true,Healthy
1448,Hermanos Lemons,3.94,75138459801,6.79,false,Light weight(<=9.66),1.62,Hermanos,2. HIgh (2.79$ - 4.84$),true,Healthy
1449,Hermanos Fancy Plums,0.87,34763028025,17.5,true,Meduim weight(<=17.73),0.31,Hermanos,Cheap (<= 1.42$),true,Healthy
1450,Hermanos Plums,2.77,62362840771,17.4,true,Meduim weight(<=17.73),1.3,Hermanos,3. Meduim (2.13$ - 2.79$),false,Not Healthy
1451,Hermanos Peaches,1.62,81225175261,17.1,true,Meduim weight(<=17.73),0.63,Hermanos,Standard (1.42$ - 2.13$),true,Healthy
1452,Hermanos Broccoli,2.89,23181925415,8.68,false,Light weight(<=9.66),1.39,Hermanos,2. HIgh (2.79$ - 4.84$),false,Not Healthy
1453,Hermanos Mandarin Oranges,3.11,77379896044,17.6,true,Meduim weight(<=17.73),1.49,Hermanos,2. HIgh (2.79$ - 4.84$),true,Healthy
1454,Hermanos Mixed Nuts,3.39,54672282338,17.4,true,Meduim weight(<=17.73),1.15,Hermanos,2. HIgh (2.79$ - 4.84$),true,Healthy
1455,Hermanos Canned Peanuts,2.53,12010149359,16.8,true,Meduim weight(<=17.73),1.11,Hermanos,3. Meduim (2.13$ - 2.79$),false,Not Healthy
1456,Hermanos Sweet Onion,1.83,48540301918,9.71,true,Meduim weight(<=17.73),0.73,Hermanos,Standard (1.42$ - 2.13$),false,Not Healthy
1457,Hermanos Cantelope,3.34,41213805079,21.3,false,Heavy weight,1.5,Hermanos,2. HIgh (2.79$ - 4.84$),true,Healthy
1458,Hermanos Honey Dew,2.9,77696750760,21.6,true,Heavy weight,1.33,Hermanos,2. HIgh (2.79$ - 4.84$),true,Healthy
1459,Hermanos Fuji Apples,1.43,63510150313,19.1,true,Heavy weight,0.6,Hermanos,Standard (1.42$ - 2.13$),false,Not Healthy
1460,Hermanos Walnuts,2.13,14613705277,11.1,true,Meduim weight(<=17.73),0.68,Hermanos,Standard (1.42$ - 2.13$),false,Not Healthy
1461,Hermanos Oranges,2.56,59664871096,15,true,Meduim weight(<=17.73),1.18,Hermanos,3. Meduim (2.13$ - 2.79$),true,Healthy
1462,Hermanos Tangerines,0.73,70006192326,16.2,false,Meduim weight(<=17.73),0.23,Hermanos,Cheap (<= 1.42$),false,Not Healthy
1463,Hermanos Party Nuts,1.98,60392994284,12.4,true,Meduim weight(<=17.73),0.75,Hermanos,Standard (1.42$ - 2.13$),false,Not Healthy
1464,Amigo Lox,2.96,63874211907,21.4,true,Heavy weight,1.24,Amigo,2. HIgh (2.79$ - 4.84$),false,Not Healthy
1465,Amigo Scallops,2.79,23498780131,7.92,false,Light weight(<=9.66),1.28,Amigo,2. HIgh (2.79$ - 4.84$),true,Healthy
1466,Fort West Low Fat Cookies,1.8,62315633893,11.7,true,Meduim weight(<=17.73),0.61,Fort West,Standard (1.42$ - 2.13$),false,Not Healthy
1467,Fort West BBQ Potato Chips,3.88,81177968382,16.1,true,Meduim weight(<=17.73),1.67,Fort West,2. HIgh (2.79$ - 4.84$),true,Healthy
1468,Fort West Corn Chips,1.26,78015547394,12.2,true,Meduim weight(<=17.73),0.55,Fort West,Cheap (<= 1.42$),true,Healthy
1469,Fort West Low Fat BBQ Chips,2.13,66115648150,19.3,false,Heavy weight,0.72,Fort West,Standard (1.42$ - 2.13$),false,Not Healthy
1470,Fort West Sugar Cookies,2.41,43408034443,21.8,true,Heavy weight,0.92,Fort West,3. Meduim (2.13$ - 2.79$),false,Not Healthy
1471,Fort West Chocolate Chip Cookies,1.55,90745901465,18,false,Heavy weight,0.76,Fort West,Standard (1.42$ - 2.13$),false,Not Healthy
1472,Fort West Fudge Cookies,2.2,37276054024,8.28,true,Light weight(<=9.66),0.9,Fort West,3. Meduim (2.13$ - 2.79$),false,Not Healthy
1473,Fort West Fudge Brownies,2.36,29949557185,6.68,false,Light weight(<=9.66),1.18,Fort West,3. Meduim (2.13$ - 2.79$),true,Healthy
1474,Fort West Potato Chips,2.15,35717476010,16,true,Meduim weight(<=17.73),0.71,Fort West,3. Meduim (2.13$ - 2.79$),false,Not Healthy
1475,Fort West Lemon Cookies,3.56,87628745436,16.2,false,Meduim weight(<=17.73),1.39,Fort West,2. HIgh (2.79$ - 4.84$),false,Not Healthy
1476,Fort West Graham Crackers,2.26,93613129258,8.77,false,Light weight(<=9.66),0.88,Fort West,3. Meduim (2.13$ - 2.79$),true,Healthy
1477,Fort West Cheese Crackers,2.7,24762164950,16.3,true,Meduim weight(<=17.73),1.03,Fort West,3. Meduim (2.13$ - 2.79$),true,Healthy
1478,Fort West Buttered Popcorn,2.66,59005616307,9.31,false,Light weight(<=9.66),1.06,Fort West,3. Meduim (2.13$ - 2.79$),true,Healthy
1479,Fort West No Salt Popcorn,1.46,49392418265,18.3,true,Heavy weight,0.61,Fort West,Standard (1.42$ - 2.13$),true,Healthy
1480,Fort West Low Fat Popcorn,1.44,52873635888,21.2,false,Heavy weight,0.49,Fort West,Standard (1.42$ - 2.13$),true,Healthy
1481,Fort West Salsa Dip,1.93,12498204112,10.5,true,Meduim weight(<=17.73),0.81,Fort West,Standard (1.42$ - 2.13$),true,Healthy
1482,Fort West Avocado Dip,0.6,51315057873,19.9,true,Heavy weight,0.23,Fort West,Cheap (<= 1.42$),false,Not Healthy
1483,Fort West Salted Pretzels,2.13,70177392363,11,true,Meduim weight(<=17.73),0.98,Fort West,Standard (1.42$ - 2.13$),true,Healthy
1484,Fort West Cheese Dip,0.66,78232012391,11.2,true,Meduim weight(<=17.73),0.3,Fort West,Cheap (<= 1.42$),false,Not Healthy
1485,Fort West Fondue Mix,1.5,55115072131,8.76,true,Light weight(<=9.66),0.54,Fort West,Standard (1.42$ - 2.13$),false,Not Healthy
1486,Fort West Mini Donuts,1.78,32407458424,19,true,Heavy weight,0.87,Fort West,Standard (1.42$ - 2.13$),false,Not Healthy
1487,Fort West Beef Jerky,0.95,79745325446,13.8,true,Meduim weight(<=17.73),0.42,Fort West,Cheap (<= 1.42$),false,Not Healthy
1488,Fort West Chocolate Donuts,2.34,26275478005,12.2,false,Meduim weight(<=17.73),0.94,Fort West,3. Meduim (2.13$ - 2.79$),true,Healthy
1489,Fort West Low Fat Chips,1.73,18948981165,13.3,true,Meduim weight(<=17.73),0.78,Fort West,Standard (1.42$ - 2.13$),false,Not Healthy
1490,Fort West Sesame Crackers,1.4,24716899991,9.14,false,Light weight(<=9.66),0.66,Fort West,Cheap (<= 1.42$),true,Healthy
1491,Fort West Frosted Cookies,2.58,76628169417,17.1,false,Meduim weight(<=17.73),1.06,Fort West,3. Meduim (2.13$ - 2.79$),true,Healthy
1492,Fort West Dried Apples,1.52,51633854508,12.4,true,Meduim weight(<=17.73),0.62,Fort West,Standard (1.42$ - 2.13$),true,Healthy
1493,Fort West Apple Fruit Roll,3.96,72782890200,6.78,false,Light weight(<=9.66),1.58,Fort West,2. HIgh (2.79$ - 4.84$),true,Healthy
1494,Fort West Strawberry Fruit Roll,1.68,47741368412,18.4,false,Heavy weight,0.82,Fort West,Standard (1.42$ - 2.13$),true,Healthy
1495,Fort West Raspberry Fruit Roll,3.48,38128170371,15.3,true,Meduim weight(<=17.73),1.18,Fort West,2. HIgh (2.79$ - 4.84$),true,Healthy
1496,Fort West Grape Fruit Roll,2.47,41609387993,20.1,false,Heavy weight,0.99,Fort West,3. Meduim (2.13$ - 2.79$),false,Not Healthy
1497,Fort West Dried Dates,3.29,67331826090,12.1,false,Meduim weight(<=17.73),1.25,Fort West,2. HIgh (2.79$ - 4.84$),false,Not Healthy
1498,Fort West Raisins,2.3,40050809979,8.32,false,Light weight(<=9.66),0.76,Fort West,3. Meduim (2.13$ - 2.79$),false,Not Healthy
1499,Fort West Golden Raisins,1.39,58913144469,7.18,false,Light weight(<=9.66),0.53,Fort West,Cheap (<= 1.42$),false,Not Healthy
1500,Fort West Dried Apricots,2.41,66967764496,9.79,true,Meduim weight(<=17.73),0.94,Fort West,3. Meduim (2.13$ - 2.79$),true,Healthy
1501,Fort West Frosted Donuts,2.52,55067865252,10,true,Meduim weight(<=17.73),0.98,Fort West,3. Meduim (2.13$ - 2.79$),false,Not Healthy
1502,Gulf Coast Tasty Candy Bar,2.81,21143210530,7.11,true,Light weight(<=9.66),0.96,Gulf Coast,2. HIgh (2.79$ - 4.84$),true,Healthy
1503,Gulf Coast Mint Chocolate Bar,2.94,44578947424,21.9,true,Heavy weight,1.03,Gulf Coast,2. HIgh (2.79$ - 4.84$),false,Not Healthy
1504,Gulf Coast Malted Milk Balls,1.59,15011230111,21.8,true,Heavy weight,0.64,Gulf Coast,Standard (1.42$ - 2.13$),false,Not Healthy
1505,Gulf Coast Semi-Sweet Chocolate Bar,2.75,97684733271,14.7,false,Meduim weight(<=17.73),1.16,Gulf Coast,3. Meduim (2.13$ - 2.79$),false,Not Healthy
1506,Gulf Coast Bubble Gum,3.43,13452652096,13.2,false,Meduim weight(<=17.73),1.68,Gulf Coast,2. HIgh (2.79$ - 4.84$),false,Not Healthy
1507,Gulf Coast Spicy Mints,1.84,65363921523,18.9,true,Heavy weight,0.88,Gulf Coast,Standard (1.42$ - 2.13$),false,Not Healthy
1508,Gulf Coast Mints,3.54,40369606614,10.9,true,Meduim weight(<=17.73),1.35,Gulf Coast,2. HIgh (2.79$ - 4.84$),false,Not Healthy
1509,Gulf Coast White Chocolate Bar,2.98,61518642306,19.3,true,Heavy weight,1.25,Gulf Coast,2. HIgh (2.79$ - 4.84$),false,Not Healthy
1510,Jardon Ravioli,0.96,95762093663,17.7,true,Meduim weight(<=17.73),0.45,Jardon,Cheap (<= 1.42$),true,Healthy
1511,Jardon Manicotti,1.2,49561676383,11.5,true,Meduim weight(<=17.73),0.44,Jardon,Cheap (<= 1.42$),true,Healthy
1512,Jardon Spaghetti,0.54,53042894005,13.7,true,Meduim weight(<=17.73),0.24,Jardon,Cheap (<= 1.42$),false,Not Healthy
1513,Jardon Thai Rice,1.9,78765332102,13.5,true,Meduim weight(<=17.73),0.63,Jardon,Standard (1.42$ - 2.13$),false,Not Healthy
1514,Jardon Rice Medly,0.58,51484315991,17.4,false,Meduim weight(<=17.73),0.23,Jardon,Cheap (<= 1.42$),false,Not Healthy
1515,Top Measure Imported Beer,1.1,70346650481,11.8,true,Meduim weight(<=17.73),0.52,Top Measure,Cheap (<= 1.42$),false,Not Healthy
1516,Top Measure Light Wine,3.36,78401270508,10,false,Meduim weight(<=17.73),1.65,Top Measure,2. HIgh (2.79$ - 4.84$),false,Not Healthy
1517,Top Measure Chardonnay Wine,0.58,66501371264,12.2,true,Meduim weight(<=17.73),0.2,Top Measure,Cheap (<= 1.42$),false,Not Healthy
1518,Top Measure Chablis Wine,3.52,43793757557,10.4,true,Meduim weight(<=17.73),1.65,Top Measure,2. HIgh (2.79$ - 4.84$),false,Not Healthy
1519,Top Measure Merlot Wine,0.81,67229494452,17.3,true,Meduim weight(<=17.73),0.29,Top Measure,Cheap (<= 1.42$),false,Not Healthy
1520,Top Measure Chardonnay,2.31,92542605996,7.38,false,Light weight(<=9.66),0.72,Top Measure,3. Meduim (2.13$ - 2.79$),false,Not Healthy
1521,Top Measure White Zinfandel Wine,0.7,19118239283,16.5,true,Meduim weight(<=17.73),0.26,Top Measure,Cheap (<= 1.42$),false,Not Healthy
1522,Top Measure Light Beer,1.14,24886158108,12.8,false,Meduim weight(<=17.73),0.49,Top Measure,Cheap (<= 1.42$),false,Not Healthy
1523,Modell Pumpernickel Bread,1.56,76797427535,21.9,true,Heavy weight,0.5,Modell,Standard (1.42$ - 2.13$),true,Healthy
1524,Modell White Bread,1.26,51803112626,10.3,true,Meduim weight(<=17.73),0.55,Modell,Cheap (<= 1.42$),true,Healthy
1525,Modell Rye Bread,3.93,72952148318,15.5,true,Meduim weight(<=17.73),1.85,Modell,2. HIgh (2.79$ - 4.84$),true,Healthy
1526,Modell English Muffins,1.65,17195599675,15.3,false,Meduim weight(<=17.73),0.81,Modell,Standard (1.42$ - 2.13$),true,Healthy
1527,Modell Cranberry Muffins,3.46,97582401633,14.7,false,Meduim weight(<=17.73),1.59,Modell,2. HIgh (2.79$ - 4.84$),false,Not Healthy
1528,Modell Muffins,2.44,77161489129,7.28,true,Light weight(<=9.66),0.9,Modell,3. Meduim (2.13$ - 2.79$),false,Not Healthy
1529,Modell Bagels,3.27,67764756083,13.9,true,Meduim weight(<=17.73),1.6,Modell,2. HIgh (2.79$ - 4.84$),false,Not Healthy
1530,Modell Blueberry Muffins,1.27,40483739972,14.2,false,Meduim weight(<=17.73),0.51,Modell,Cheap (<= 1.42$),false,Not Healthy
1531,Modell Wheat Bread,0.51,35443944334,11.7,true,Meduim weight(<=17.73),0.24,Modell,Cheap (<= 1.42$),false,Not Healthy
1532,CDR Sesame Oil,1.39,67400694489,8.7,false,Light weight(<=9.66),0.6,CDR,Cheap (<= 1.42$),false,Not Healthy
1533,CDR Chunky Peanut Butter,2.5,31598665118,7.63,true,Light weight(<=9.66),1.03,CDR,3. Meduim (2.13$ - 2.79$),true,Healthy
1534,CDR Hot Chocolate,2.78,32793181538,8.77,false,Light weight(<=9.66),1,CDR,3. Meduim (2.13$ - 2.79$),true,Healthy
1535,CDR Brown Sugar,2.92,56228918433,10.3,true,Meduim weight(<=17.73),1.14,CDR,2. HIgh (2.79$ - 4.84$),false,Not Healthy
1536,CDR White Sugar,1.33,92759070992,6.43,false,Light weight(<=9.66),0.48,CDR,Cheap (<= 1.42$),true,Healthy
1537,CDR French Roast Coffee,2.73,19334704279,16.7,true,Meduim weight(<=17.73),1.06,CDR,3. Meduim (2.13$ - 2.79$),false,Not Healthy
1538,CDR Decaf Coffee,3.4,13621910214,10.4,false,Meduim weight(<=17.73),1.22,CDR,2. HIgh (2.79$ - 4.84$),false,Not Healthy
1539,CDR Regular Coffee,3.58,65533179640,11.3,true,Meduim weight(<=17.73),1.61,CDR,2. HIgh (2.79$ - 4.84$),false,Not Healthy
1540,CDR Vegetable Oil,3.52,40538864731,21.4,true,Heavy weight,1.34,CDR,2. HIgh (2.79$ - 4.84$),false,Not Healthy
1541,CDR Corn Oil,2.95,61687900424,21.2,true,Heavy weight,1.42,CDR,2. HIgh (2.79$ - 4.84$),true,Healthy
1542,CDR Tomato Sauce,0.95,95931351780,8.22,true,Light weight(<=9.66),0.41,CDR,Cheap (<= 1.42$),true,Healthy
1543,CDR Canola Oil,2.48,86318153738,20.4,true,Heavy weight,1.04,CDR,3. Meduim (2.13$ - 2.79$),true,Healthy
1544,CDR Grape Preserves,1.46,65897241234,17,true,Meduim weight(<=17.73),0.57,CDR,Standard (1.42$ - 2.13$),true,Healthy
1545,CDR Columbian Coffee,2.29,25521809458,9.52,false,Light weight(<=9.66),1.12,CDR,3. Meduim (2.13$ - 2.79$),false,Not Healthy
1546,CDR Strawberry Jelly,0.61,88240793347,11.3,false,Meduim weight(<=17.73),0.28,CDR,Cheap (<= 1.42$),true,Healthy
1547,CDR Pepper,2.38,48081826567,16.1,true,Meduim weight(<=17.73),1.09,CDR,3. Meduim (2.13$ - 2.79$),false,Not Healthy
1548,CDR Low Fat Apple Butter,0.67,80038576722,21,true,Heavy weight,0.22,CDR,Cheap (<= 1.42$),false,Not Healthy
1549,CDR Salt,1.52,44236547350,17.9,false,Heavy weight,0.74,CDR,Standard (1.42$ - 2.13$),false,Not Healthy
1550,CDR Apple Butter,1.81,45431063771,7.7,false,Light weight(<=9.66),0.83,CDR,Standard (1.42$ - 2.13$),true,Healthy
1551,CDR Oregano,1.16,68866800665,15.3,false,Meduim weight(<=17.73),0.41,CDR,Cheap (<= 1.42$),false,Not Healthy
1552,CDR Apple Jelly,2.7,15396953225,21.4,true,Heavy weight,1.3,CDR,3. Meduim (2.13$ - 2.79$),false,Not Healthy
1553,CDR Grape Jam,1.86,31972586512,13.5,true,Meduim weight(<=17.73),0.87,CDR,Standard (1.42$ - 2.13$),false,Not Healthy
1554,CDR Apple Jam,2.54,37740505337,21,true,Heavy weight,0.79,CDR,3. Meduim (2.13$ - 2.79$),true,Healthy
1555,CDR Strawberry Jam,2.95,89651774764,21.7,true,Heavy weight,0.94,CDR,2. HIgh (2.79$ - 4.84$),true,Healthy
1556,CDR Creamy Peanut Butter,2.65,29538288712,6.94,true,Light weight(<=9.66),1.14,CDR,3. Meduim (2.13$ - 2.79$),true,Healthy
1557,CDR Strawberry Preserves,1.2,50687324404,15.4,true,Meduim weight(<=17.73),0.48,CDR,Cheap (<= 1.42$),false,Not Healthy
1558,CDR Extra Chunky Peanut Butter,2.16,84930775761,11.5,false,Meduim weight(<=17.73),0.82,CDR,3. Meduim (2.13$ - 2.79$),true,Healthy
1559,CDR Apple Preserves,1.62,75317577719,21,false,Heavy weight,0.62,CDR,Standard (1.42$ - 2.13$),false,Not Healthy
1560,CDR Grape Jelly,1.6,54896665215,12.5,false,Meduim weight(<=17.73),0.74,CDR,Standard (1.42$ - 2.13$),true,Healthy
